계약년월,거래구분,번호,계약일,시군구일련번호,번지,주택유형,도로조건,연면적_x,대지면적,거래금액,월세,건축년도,도로명,해제사유발생일,거래유형,시군구명,법정동코드,실거래ID,관리_건축물대장_PK,대지_면적,연면적_y,주_용도_코드_명,기타_용도,대지_위치,도로명_대지_위치
202501,1,1311,13,18828,3**,다가구,12m미만,438.0000,231.2000,145000.0000,0.0000,1994,매화로55번길,-,중개거래,경기도 성남시 분당구 야탑동,4113510700,40427,10891124420,230.7,448.66,단독주택,다가구주택(11가구),경기도 성남시 분당구 야탑동 381-9번지,경기도 성남시 분당구 매화로55번길 6-9 (야탑동)
202501,1,1311,13,18828,3**,다가구,12m미만,438.0000,231.2000,145000.0000,0.0000,1994,매화로55번길,-,중개거래,경기도 성남시 분당구 야탑동,4113510700,40427,10891124620,231.0,442.24,단독주택,다가구주택및근린생활시설,경기도 성남시 분당구 야탑동 381-5번지,경기도 성남시 분당구 매화로55번길 8 (야탑동)
202501,1,1311,13,18828,3**,다가구,12m미만,438.0000,231.2000,145000.0000,0.0000,1994,매화로55번길,-,중개거래,경기도 성남시 분당구 야탑동,4113510700,40427,10891124708,231.0,444.54,단독주택,다가구주택및근린생활시설,경기도 성남시 분당구 야탑동 381-14번지,경기도 성남시 분당구 매화로55번길 6-4 (야탑동)
202501,1,1311,13,18828,3**,다가구,12m미만,438.0000,231.2000,145000.0000,0.0000,1994,매화로55번길,-,중개거래,경기도 성남시 분당구 야탑동,4113510700,40427,10891123199,234.8,415.22,단독주택,다가구주택및근린생활시설,경기도 성남시 분당구 야탑동 383-18번지,경기도 성남시 분당구 매화로55번길 5 (야탑동)
202501,1,1311,13,18828,3**,다가구,12m미만,438.0000,231.2000,145000.0000,0.0000,1994,매화로55번길,-,중개거래,경기도 성남시 분당구 야탑동,4113510700,40427,10891125503,231.0,442.24,단독주택,다가구주택및근린생활시설,경기도 성남시 분당구 야탑동 381-12번지,경기도 성남시 분당구 매화로55번길 6-10 (야탑동)
202501,1,1311,13,18828,3**,다가구,12m미만,438.0000,231.2000,145000.0000,0.0000,1994,매화로55번길,-,중개거래,경기도 성남시 분당구 야탑동,4113510700,40427,1000000000000005296250,309.9,599.97,단독주택,단독주택(다가구주택),경기도 성남시 분당구 야탑동 381-10번지,경기도 성남시 분당구 매화로55번길 6-11 (야탑동)
202501,1,1311,13,18828,3**,다가구,12m미만,438.0000,231.2000,145000.0000,0.0000,1994,매화로55번길,-,중개거래,경기도 성남시 분당구 야탑동,4113510700,40427,10891122659,230.8,441.15,단독주택,다가구주택(3가구)/대피실,경기도 성남시 분당구 야탑동 381-8번지,경기도 성남시 분당구 매화로55번길 6-7 (야탑동)
202501,1,1311,13,18828,3**,다가구,12m미만,438.0000,231.2000,145000.0000,0.0000,1994,매화로55번길,-,중개거래,경기도 성남시 분당구 야탑동,4113510700,40427,10891122643,231.1,452.48,단독주택,다가구주택및근린생활시설,경기도 성남시 분당구 야탑동 381-13번지,경기도 성남시 분당구 매화로55번길 6-8 (야탑동)
202501,1,1311,13,18828,3**,다가구,12m미만,438.0000,231.2000,145000.0000,0.0000,1994,매화로55번길,-,중개거래,경기도 성남시 분당구 야탑동,4113510700,40427,10891121802,231.2,438.0,단독주택,다가구주택및근린생활시설,경기도 성남시 분당구 야탑동 381-6번지,경기도 성남시 분당구 매화로55번길 6-3 (야탑동)
202501,1,470,22,18986,9**,단독,8m미만,397.6000,330.0000,560000.0000,0.0000,2012,산운로,-,중개거래,경기도 성남시 분당구 운중동,4113511500,40724,10891100233371,363.6,432.78,단독주택,단독주택(1가구),경기도 성남시 분당구 운중동 994-33번지,경기도 성남시 분당구 산운로 199 (운중동)
202501,1,470,22,18986,9**,단독,8m미만,397.6000,330.0000,560000.0000,0.0000,2012,산운로,-,중개거래,경기도 성남시 분당구 운중동,4113511500,40724,10891100233372,364.9,419.27,단독주택,단독주택(1가구),경기도 성남시 분당구 운중동 994-34번지,경기도 성남시 분당구 산운로 199 (운중동)
202501,1,470,22,18986,9**,단독,8m미만,397.6000,330.0000,560000.0000,0.0000,2012,산운로,-,중개거래,경기도 성남시 분당구 운중동,4113511500,40724,10891100233373,718.1,16.7,단독주택,관리사무소,경기도 성남시 분당구 운중동 994-35번지,경기도 성남시 분당구 산운로 199 (운중동)
202501,1,470,22,18986,9**,단독,8m미만,397.6000,330.0000,560000.0000,0.0000,2012,산운로,-,중개거래,경기도 성남시 분당구 운중동,4113511500,40724,10891100233374,3716.4,2668.62,단독주택,주차장(진입도로),경기도 성남시 분당구 운중동 994-36번지,경기도 성남시 분당구 산운로 199 (운중동)
202501,1,470,22,18986,9**,단독,8m미만,397.6000,330.0000,560000.0000,0.0000,2012,산운로,-,중개거래,경기도 성남시 분당구 운중동,4113511500,40724,10891100233375,520.5,508.55,단독주택,주민공동시설,경기도 성남시 분당구 운중동 994번지,경기도 성남시 분당구 산운로 199 (운중동)
202501,1,470,22,18986,9**,단독,8m미만,397.6000,330.0000,560000.0000,0.0000,2012,산운로,-,중개거래,경기도 성남시 분당구 운중동,4113511500,40724,10891100233416,230.3,326.97,단독주택,단독주택(1가구),경기도 성남시 분당구 운중동 985-9번지,경기도 성남시 분당구 산운로159번길 7-8 (운중동)
202501,1,470,22,18986,9**,단독,8m미만,397.6000,330.0000,560000.0000,0.0000,2012,산운로,-,중개거래,경기도 성남시 분당구 운중동,4113511500,40724,10891100233719,292.2,361.95,단독주택,단독주택(1가구),경기도 성남시 분당구 운중동 983-2번지,경기도 성남시 분당구 산운로139번길 4-9 (운중동)
202501,1,470,22,18986,9**,단독,8m미만,397.6000,330.0000,560000.0000,0.0000,2012,산운로,-,중개거래,경기도 성남시 분당구 운중동,4113511500,40724,10891100233859,228.8,248.29,단독주택,다가구주택(2가구),경기도 성남시 분당구 운중동 984-8번지,경기도 성남시 분당구 산운로159번길 7-3 (운중동)
202501,1,470,22,18986,9**,단독,8m미만,397.6000,330.0000,560000.0000,0.0000,2012,산운로,-,중개거래,경기도 성남시 분당구 운중동,4113511500,40724,10891100233942,265.1,335.63,단독주택,단독주택(1가구),경기도 성남시 분당구 운중동 999-3번지,경기도 성남시 분당구 산운로170번길 3-10 (운중동)
202501,1,470,22,18986,9**,단독,8m미만,397.6000,330.0000,560000.0000,0.0000,2012,산운로,-,중개거래,경기도 성남시 분당구 운중동,4113511500,40724,10891100234217,231.7,315.36,단독주택,단독주택(1가구),경기도 성남시 분당구 운중동 985-5번지,경기도 성남시 분당구 산운로151번길 7-2 (운중동)
202501,1,470,22,18986,9**,단독,8m미만,397.6000,330.0000,560000.0000,0.0000,2012,산운로,-,중개거래,경기도 성남시 분당구 운중동,4113511500,40724,10891100235030,228.6,320.81,단독주택,단독주택(1가구),경기도 성남시 분당구 운중동 983-3번지,경기도 성남시 분당구 산운로151번길 6 (운중동)
202501,1,470,22,18986,9**,단독,8m미만,397.6000,330.0000,560000.0000,0.0000,2012,산운로,-,중개거래,경기도 성남시 분당구 운중동,4113511500,40724,10891100233370,340.6,311.71,단독주택,단독주택(1가구),경기도 성남시 분당구 운중동 994-32번지,경기도 성남시 분당구 산운로 199 (운중동)
202501,1,470,22,18986,9**,단독,8m미만,397.6000,330.0000,560000.0000,0.0000,2012,산운로,-,중개거래,경기도 성남시 분당구 운중동,4113511500,40724,10891100233359,371.0,359.31,단독주택,단독주택(1가구),경기도 성남시 분당구 운중동 994-22번지,경기도 성남시 분당구 산운로 199 (운중동)
202501,1,470,22,18986,9**,단독,8m미만,397.6000,330.0000,560000.0000,0.0000,2012,산운로,-,중개거래,경기도 성남시 분당구 운중동,4113511500,40724,10891100233368,361.8,432.08,단독주택,단독주택(1가구),경기도 성남시 분당구 운중동 994-30번지,경기도 성남시 분당구 산운로 199 (운중동)
202501,1,470,22,18986,9**,단독,8m미만,397.6000,330.0000,560000.0000,0.0000,2012,산운로,-,중개거래,경기도 성남시 분당구 운중동,4113511500,40724,10891100233350,411.2,430.76,단독주택,단독주택(1가구),경기도 성남시 분당구 운중동 994-13번지,경기도 성남시 분당구 산운로 199 (운중동)
202501,1,470,22,18986,9**,단독,8m미만,397.6000,330.0000,560000.0000,0.0000,2012,산운로,-,중개거래,경기도 성남시 분당구 운중동,4113511500,40724,10891100233352,432.1,439.12,단독주택,단독주택(1가구),경기도 성남시 분당구 운중동 994-15번지,경기도 성남시 분당구 산운로 199 (운중동)
202501,1,470,22,18986,9**,단독,8m미만,397.6000,330.0000,560000.0000,0.0000,2012,산운로,-,중개거래,경기도 성남시 분당구 운중동,4113511500,40724,10891100233353,406.9,332.87,단독주택,단독주택(1가구),경기도 성남시 분당구 운중동 994-16번지,경기도 성남시 분당구 산운로 199 (운중동)
202501,1,470,22,18986,9**,단독,8m미만,397.6000,330.0000,560000.0000,0.0000,2012,산운로,-,중개거래,경기도 성남시 분당구 운중동,4113511500,40724,10891100233354,405.7,433.59,단독주택,단독주택(1가구),경기도 성남시 분당구 운중동 994-17번지,경기도 성남시 분당구 산운로 199 (운중동)
202501,1,470,22,18986,9**,단독,8m미만,397.6000,330.0000,560000.0000,0.0000,2012,산운로,-,중개거래,경기도 성남시 분당구 운중동,4113511500,40724,10891100233355,431.7,329.65,단독주택,단독주택(1가구),경기도 성남시 분당구 운중동 994-18번지,경기도 성남시 분당구 산운로 199 (운중동)
202501,1,470,22,18986,9**,단독,8m미만,397.6000,330.0000,560000.0000,0.0000,2012,산운로,-,중개거래,경기도 성남시 분당구 운중동,4113511500,40724,10891100233369,363.2,432.3,단독주택,단독주택(1가구),경기도 성남시 분당구 운중동 994-31번지,경기도 성남시 분당구 산운로 199 (운중동)
202501,1,470,22,18986,9**,단독,8m미만,397.6000,330.0000,560000.0000,0.0000,2012,산운로,-,중개거래,경기도 성남시 분당구 운중동,4113511500,40724,10891100233356,430.8,433.36,단독주택,단독주택(1가구),경기도 성남시 분당구 운중동 994-19번지,경기도 성남시 분당구 산운로 199 (운중동)
202501,1,470,22,18986,9**,단독,8m미만,397.6000,330.0000,560000.0000,0.0000,2012,산운로,-,중개거래,경기도 성남시 분당구 운중동,4113511500,40724,10891100233358,422.9,436.07,단독주택,단독주택(1가구),경기도 성남시 분당구 운중동 994-21번지,경기도 성남시 분당구 산운로 199 (운중동)
202501,1,470,22,18986,9**,단독,8m미만,397.6000,330.0000,560000.0000,0.0000,2012,산운로,-,중개거래,경기도 성남시 분당구 운중동,4113511500,40724,10891100233360,418.9,416.42,단독주택,단독주택(1가구),경기도 성남시 분당구 운중동 994-23번지,경기도 성남시 분당구 산운로 199 (운중동)
202501,1,470,22,18986,9**,단독,8m미만,397.6000,330.0000,560000.0000,0.0000,2012,산운로,-,중개거래,경기도 성남시 분당구 운중동,4113511500,40724,10891100233361,409.7,492.35,단독주택,단독주택(1가구),경기도 성남시 분당구 운중동 994-24번지,경기도 성남시 분당구 산운로 199 (운중동)
202501,1,470,22,18986,9**,단독,8m미만,397.6000,330.0000,560000.0000,0.0000,2012,산운로,-,중개거래,경기도 성남시 분당구 운중동,4113511500,40724,10891100233365,341.8,403.52,단독주택,단독주택(1가구),경기도 성남시 분당구 운중동 994-25번지,경기도 성남시 분당구 산운로 199 (운중동)
202501,1,470,22,18986,9**,단독,8m미만,397.6000,330.0000,560000.0000,0.0000,2012,산운로,-,중개거래,경기도 성남시 분당구 운중동,4113511500,40724,10891100233366,330.0,397.6,단독주택,단독주택(1가구),경기도 성남시 분당구 운중동 994-26번지,경기도 성남시 분당구 산운로 199 (운중동)
202501,1,470,22,18986,9**,단독,8m미만,397.6000,330.0000,560000.0000,0.0000,2012,산운로,-,중개거래,경기도 성남시 분당구 운중동,4113511500,40724,10891100233367,336.9,310.75,단독주택,단독주택(1가구),경기도 성남시 분당구 운중동 994-29번지,경기도 성남시 분당구 산운로 199 (운중동)
202501,1,470,22,18986,9**,단독,8m미만,397.6000,330.0000,560000.0000,0.0000,2012,산운로,-,중개거래,경기도 성남시 분당구 운중동,4113511500,40724,10891100233357,433.5,451.8,단독주택,단독주택(1가구),경기도 성남시 분당구 운중동 994-20번지,경기도 성남시 분당구 산운로 199 (운중동)
202501,1,470,22,18986,9**,단독,8m미만,397.6000,330.0000,560000.0000,0.0000,2012,산운로,-,중개거래,경기도 성남시 분당구 운중동,4113511500,40724,10891100233351,436.0,426.88,단독주택,단독주택(1가구),경기도 성남시 분당구 운중동 994-14번지,경기도 성남시 분당구 산운로 199 (운중동)
202501,1,470,22,18986,9**,단독,8m미만,397.6000,330.0000,560000.0000,0.0000,2012,산운로,-,중개거래,경기도 성남시 분당구 운중동,4113511500,40724,10891100241223,264.0,330.29,단독주택,단독주택,경기도 성남시 분당구 운중동 997-10번지,경기도 성남시 분당구 산운로208번길 35 (운중동)
202501,1,470,22,18986,9**,단독,8m미만,397.6000,330.0000,560000.0000,0.0000,2012,산운로,-,중개거래,경기도 성남시 분당구 운중동,4113511500,40724,10891100235421,230.3,293.29,단독주택,단독주택(2가구),경기도 성남시 분당구 운중동 986-13번지,경기도 성남시 분당구 산운로139번길 24 (운중동)
202501,1,470,22,18986,9**,단독,8m미만,397.6000,330.0000,560000.0000,0.0000,2012,산운로,-,중개거래,경기도 성남시 분당구 운중동,4113511500,40724,10891100243986,230.2,189.04,단독주택,단독주택,경기도 성남시 분당구 운중동 986-15번지,경기도 성남시 분당구 산운로139번길 28 (운중동)
202501,1,470,22,18986,9**,단독,8m미만,397.6000,330.0000,560000.0000,0.0000,2012,산운로,-,중개거래,경기도 성남시 분당구 운중동,4113511500,40724,10891100244872,230.5,284.58,단독주택,단독주택,경기도 성남시 분당구 운중동 982번지,경기도 성남시 분당구 산운로139번길 2 (운중동)
202501,1,470,22,18986,9**,단독,8m미만,397.6000,330.0000,560000.0000,0.0000,2012,산운로,-,중개거래,경기도 성남시 분당구 운중동,4113511500,40724,10891100244874,230.3,349.8,단독주택,단독주택,경기도 성남시 분당구 운중동 985-10번지,경기도 성남시 분당구 산운로159번길 7-6 (운중동)
202501,1,470,22,18986,9**,단독,8m미만,397.6000,330.0000,560000.0000,0.0000,2012,산운로,-,중개거래,경기도 성남시 분당구 운중동,4113511500,40724,10891100245003,313.1,264.48,단독주택,단독주택,경기도 성남시 분당구 운중동 999-1번지,경기도 성남시 분당구 산운로170번길 3-6 (운중동)
202501,1,470,22,18986,9**,단독,8m미만,397.6000,330.0000,560000.0000,0.0000,2012,산운로,-,중개거래,경기도 성남시 분당구 운중동,4113511500,40724,10891100245536,231.2,227.24,단독주택,다가구주택(2가구),경기도 성남시 분당구 운중동 982-10번지,경기도 성남시 분당구 산운로159번길 3-3 (운중동)
202501,1,470,22,18986,9**,단독,8m미만,397.6000,330.0000,560000.0000,0.0000,2012,산운로,-,중개거래,경기도 성남시 분당구 운중동,4113511500,40724,10891100245583,264.0,194.78,단독주택,다가구주택(2가구),경기도 성남시 분당구 운중동 997-8번지,경기도 성남시 분당구 산운로208번길 37-1 (운중동)
202501,1,470,22,18986,9**,단독,8m미만,397.6000,330.0000,560000.0000,0.0000,2012,산운로,-,중개거래,경기도 성남시 분당구 운중동,4113511500,40724,10891100245663,265.2,287.77,단독주택,단독주택,경기도 성남시 분당구 운중동 999-7번지,경기도 성남시 분당구 산운로170번길 11 (운중동)
202501,1,470,22,18986,9**,단독,8m미만,397.6000,330.0000,560000.0000,0.0000,2012,산운로,-,중개거래,경기도 성남시 분당구 운중동,4113511500,40724,10891100247187,264.0,432.96,단독주택,단독주택(다가구주택(3가구)),경기도 성남시 분당구 운중동 969-6번지,경기도 성남시 분당구 산운로160번길 16-4 (운중동)
202501,1,470,22,18986,9**,단독,8m미만,397.6000,330.0000,560000.0000,0.0000,2012,산운로,-,중개거래,경기도 성남시 분당구 운중동,4113511500,40724,10891100233349,441.9,352.5,단독주택,단독주택(1가구),경기도 성남시 분당구 운중동 994-10번지,경기도 성남시 분당구 산운로 199 (운중동)
202501,1,470,22,18986,9**,단독,8m미만,397.6000,330.0000,560000.0000,0.0000,2012,산운로,-,중개거래,경기도 성남시 분당구 운중동,4113511500,40724,10891100248323,232.1,297.11,단독주택,단독주택,경기도 성남시 분당구 운중동 986-6번지,경기도 성남시 분당구 산운로139번길 14 (운중동)
202501,1,470,22,18986,9**,단독,8m미만,397.6000,330.0000,560000.0000,0.0000,2012,산운로,-,중개거래,경기도 성남시 분당구 운중동,4113511500,40724,10891100235583,263.9,283.04,단독주택,단독주택(1가구),경기도 성남시 분당구 운중동 997-3번지,경기도 성남시 분당구 산운로170번길 4-12 (운중동)
202501,1,470,22,18986,9**,단독,8m미만,397.6000,330.0000,560000.0000,0.0000,2012,산운로,-,중개거래,경기도 성남시 분당구 운중동,4113511500,40724,10891100235967,231.1,295.27,단독주택,단독주택,경기도 성남시 분당구 운중동 986-7번지,경기도 성남시 분당구 산운로139번길 16 (운중동)
202501,1,470,22,18986,9**,단독,8m미만,397.6000,330.0000,560000.0000,0.0000,2012,산운로,-,중개거래,경기도 성남시 분당구 운중동,4113511500,40724,10891100239146,460.7,329.37,단독주택,단독주택(1가구),경기도 성남시 분당구 운중동 986-11번지,경기도 성남시 분당구 산운로139번길 22 (운중동)
202501,1,470,22,18986,9**,단독,8m미만,397.6000,330.0000,560000.0000,0.0000,2012,산운로,-,중개거래,경기도 성남시 분당구 운중동,4113511500,40724,10891100240466,264.8,450.84,단독주택,단독주택,경기도 성남시 분당구 운중동 973-3번지,경기도 성남시 분당구 산운로 146 (운중동)
202501,1,470,22,18986,9**,단독,8m미만,397.6000,330.0000,560000.0000,0.0000,2012,산운로,-,중개거래,경기도 성남시 분당구 운중동,4113511500,40724,10891100241145,247.7,279.43,단독주택,단독주택(1가구),경기도 성남시 분당구 운중동 986번지,경기도 성남시 분당구 산운로139번길 4-1 (운중동)
202501,1,470,22,18986,9**,단독,8m미만,397.6000,330.0000,560000.0000,0.0000,2012,산운로,-,중개거래,경기도 성남시 분당구 운중동,4113511500,40724,10891100233348,428.9,352.77,단독주택,단독주택(1가구),경기도 성남시 분당구 운중동 994-9번지,경기도 성남시 분당구 산운로 199 (운중동)
202501,1,470,22,18986,9**,단독,8m미만,397.6000,330.0000,560000.0000,0.0000,2012,산운로,-,중개거래,경기도 성남시 분당구 운중동,4113511500,40724,10891100233344,429.6,462.53,단독주택,단독주택(1가구),경기도 성남시 분당구 운중동 994-8번지,경기도 성남시 분당구 산운로 199 (운중동)
202501,1,470,22,18986,9**,단독,8m미만,397.6000,330.0000,560000.0000,0.0000,2012,산운로,-,중개거래,경기도 성남시 분당구 운중동,4113511500,40724,10891100226462,263.6,391.56,단독주택,"단독주택(다가구주택),제1종근린생활시설",경기도 성남시 분당구 운중동 970-6번지,경기도 성남시 분당구 산운로160번길 20-4 (운중동)
202501,1,470,22,18986,9**,단독,8m미만,397.6000,330.0000,560000.0000,0.0000,2012,산운로,-,중개거래,경기도 성남시 분당구 운중동,4113511500,40724,10891100226763,264.2,382.38,단독주택,"단독주택(다가구주택),제2종근린생활시설",경기도 성남시 분당구 운중동 971-3번지,경기도 성남시 분당구 산운로 158 (운중동)
202501,1,470,22,18986,9**,단독,8m미만,397.6000,330.0000,560000.0000,0.0000,2012,산운로,-,중개거래,경기도 성남시 분당구 운중동,4113511500,40724,10891100227682,228.7,200.92,단독주택,단독주택,경기도 성남시 분당구 운중동 984-9번지,경기도 성남시 분당구 산운로159번길 7-1 (운중동)
202501,1,470,22,18986,9**,단독,8m미만,397.6000,330.0000,560000.0000,0.0000,2012,산운로,-,중개거래,경기도 성남시 분당구 운중동,4113511500,40724,10891100227844,231.4,296.3,단독주택,단독주택,경기도 성남시 분당구 운중동 986-9번지,경기도 성남시 분당구 산운로139번길 18-1 (운중동)
202501,1,470,22,18986,9**,단독,8m미만,397.6000,330.0000,560000.0000,0.0000,2012,산운로,-,중개거래,경기도 성남시 분당구 운중동,4113511500,40724,10891100227845,264.1,415.44,단독주택,"단독주택(다가구주택),제2종근린생활시설",경기도 성남시 분당구 운중동 969-1번지,경기도 성남시 분당구 산운로160번길 4 (운중동)
202501,1,470,22,18986,9**,단독,8m미만,397.6000,330.0000,560000.0000,0.0000,2012,산운로,-,중개거래,경기도 성남시 분당구 운중동,4113511500,40724,10891100228417,264.1,386.46,단독주택,"단독주택(다가구주택),제1종근린생활시설",경기도 성남시 분당구 운중동 969-3번지,경기도 성남시 분당구 산운로160번길 10 (운중동)
202501,1,470,22,18986,9**,단독,8m미만,397.6000,330.0000,560000.0000,0.0000,2012,산운로,-,중개거래,경기도 성남시 분당구 운중동,4113511500,40724,10891100226823,224.5,253.86,단독주택,단독주택(다가구주택),경기도 성남시 분당구 운중동 982-3번지,경기도 성남시 분당구 산운로139번길 4-6 (운중동)
202501,1,470,22,18986,9**,단독,8m미만,397.6000,330.0000,560000.0000,0.0000,2012,산운로,-,중개거래,경기도 성남시 분당구 운중동,4113511500,40724,10891100224046,231.3,317.75,단독주택,단독주택,경기도 성남시 분당구 운중동 985-3번지,경기도 성남시 분당구 산운로151번길 7-6 (운중동)
202501,1,470,22,18986,9**,단독,8m미만,397.6000,330.0000,560000.0000,0.0000,2012,산운로,-,중개거래,경기도 성남시 분당구 운중동,4113511500,40724,10891100229047,231.0,215.59,단독주택,단독주택(다가구주택),경기도 성남시 분당구 운중동 982-9번지,경기도 성남시 분당구 산운로159번길 3-5 (운중동)
202501,1,470,22,18986,9**,단독,8m미만,397.6000,330.0000,560000.0000,0.0000,2012,산운로,-,중개거래,경기도 성남시 분당구 운중동,4113511500,40724,10891100233347,411.4,439.89,단독주택,단독주택(1가구),경기도 성남시 분당구 운중동 994-12번지,경기도 성남시 분당구 산운로 199 (운중동)
202501,1,470,22,18986,9**,단독,8m미만,397.6000,330.0000,560000.0000,0.0000,2012,산운로,-,중개거래,경기도 성남시 분당구 운중동,4113511500,40724,10891100229419,264.1,457.91,단독주택,"단독주택(다가구주택),제2종근린생활시설",경기도 성남시 분당구 운중동 969-7번지,경기도 성남시 분당구 산운로160번길 16-6 (운중동)
202501,1,470,22,18986,9**,단독,8m미만,397.6000,330.0000,560000.0000,0.0000,2012,산운로,-,중개거래,경기도 성남시 분당구 운중동,4113511500,40724,10891100233123,335.1,413.5,단독주택,단독주택(1가구),경기도 성남시 분당구 운중동 994-27번지,경기도 성남시 분당구 산운로 199 (운중동)
202501,1,470,22,18986,9**,단독,8m미만,397.6000,330.0000,560000.0000,0.0000,2012,산운로,-,중개거래,경기도 성남시 분당구 운중동,4113511500,40724,10891100233124,365.6,430.79,단독주택,단독주택(1가구),경기도 성남시 분당구 운중동 994-28번지,경기도 성남시 분당구 산운로 199 (운중동)
202501,1,470,22,18986,9**,단독,8m미만,397.6000,330.0000,560000.0000,0.0000,2012,산운로,-,중개거래,경기도 성남시 분당구 운중동,4113511500,40724,10891100233107,443.4,475.94,단독주택,단독주택(1가구),경기도 성남시 분당구 운중동 994-11번지,경기도 성남시 분당구 산운로 199 (운중동)
202501,1,470,22,18986,9**,단독,8m미만,397.6000,330.0000,560000.0000,0.0000,2012,산운로,-,중개거래,경기도 성남시 분당구 운중동,4113511500,40724,10891100233337,590.3,696.55,단독주택,단독주택(1가구),경기도 성남시 분당구 운중동 994-2번지,경기도 성남시 분당구 산운로 199 (운중동)
202501,1,470,22,18986,9**,단독,8m미만,397.6000,330.0000,560000.0000,0.0000,2012,산운로,-,중개거래,경기도 성남시 분당구 운중동,4113511500,40724,10891100233338,596.7,675.1,단독주택,단독주택(1가구),경기도 성남시 분당구 운중동 994-3번지,경기도 성남시 분당구 산운로 199 (운중동)
202501,1,470,22,18986,9**,단독,8m미만,397.6000,330.0000,560000.0000,0.0000,2012,산운로,-,중개거래,경기도 성남시 분당구 운중동,4113511500,40724,10891100233339,434.7,429.71,단독주택,단독주택(1가구),경기도 성남시 분당구 운중동 994-4번지,경기도 성남시 분당구 산운로 199 (운중동)
202501,1,470,22,18986,9**,단독,8m미만,397.6000,330.0000,560000.0000,0.0000,2012,산운로,-,중개거래,경기도 성남시 분당구 운중동,4113511500,40724,10891100233340,435.3,425.85,단독주택,단독주택(1가구),경기도 성남시 분당구 운중동 994-5번지,경기도 성남시 분당구 산운로 199 (운중동)
202501,1,470,22,18986,9**,단독,8m미만,397.6000,330.0000,560000.0000,0.0000,2012,산운로,-,중개거래,경기도 성남시 분당구 운중동,4113511500,40724,10891100233341,463.7,442.93,단독주택,단독주택(1가구),경기도 성남시 분당구 운중동 994-6번지,경기도 성남시 분당구 산운로 199 (운중동)
202501,1,470,22,18986,9**,단독,8m미만,397.6000,330.0000,560000.0000,0.0000,2012,산운로,-,중개거래,경기도 성남시 분당구 운중동,4113511500,40724,10891100233342,491.2,441.24,단독주택,단독주택(1가구),경기도 성남시 분당구 운중동 994-7번지,경기도 성남시 분당구 산운로 199 (운중동)
202501,1,470,22,18986,9**,단독,8m미만,397.6000,330.0000,560000.0000,0.0000,2012,산운로,-,중개거래,경기도 성남시 분당구 운중동,4113511500,40724,10891100233336,510.5,640.53,단독주택,단독주택(1가구),경기도 성남시 분당구 운중동 994-1번지,경기도 성남시 분당구 산운로 199 (운중동)
202501,1,470,22,18986,9**,단독,8m미만,397.6000,330.0000,560000.0000,0.0000,2012,산운로,-,중개거래,경기도 성남시 분당구 운중동,4113511500,40724,10891100232836,264.7,455.81,단독주택,단독주택(다가구주택3가구),경기도 성남시 분당구 운중동 970-7번지,경기도 성남시 분당구 산운로160번길 20-6 (운중동)
202501,1,470,22,18986,9**,단독,8m미만,397.6000,330.0000,560000.0000,0.0000,2012,산운로,-,중개거래,경기도 성남시 분당구 운중동,4113511500,40724,10891100229579,231.2,297.02,단독주택,단독주택,경기도 성남시 분당구 운중동 982-11번지,경기도 성남시 분당구 산운로159번길 3-1 (운중동)
202501,1,470,22,18986,9**,단독,8m미만,397.6000,330.0000,560000.0000,0.0000,2012,산운로,-,중개거래,경기도 성남시 분당구 운중동,4113511500,40724,10891100229758,228.7,219.66,단독주택,단독주택,경기도 성남시 분당구 운중동 984-10번지,경기도 성남시 분당구 산운로159번길 7 (운중동)
202501,1,470,22,18986,9**,단독,8m미만,397.6000,330.0000,560000.0000,0.0000,2012,산운로,-,중개거래,경기도 성남시 분당구 운중동,4113511500,40724,10891100230396,319.8,572.75,단독주택,"단독주택(다가구주택),제1종근린생활시설",경기도 성남시 분당구 운중동 970-4번지,경기도 성남시 분당구 산운로160번길 18 (운중동)
202501,1,470,22,18986,9**,단독,8m미만,397.6000,330.0000,560000.0000,0.0000,2012,산운로,-,중개거래,경기도 성남시 분당구 운중동,4113511500,40724,10891100230402,235.9,194.05,단독주택,단독주택,경기도 성남시 분당구 운중동 985-1번지,경기도 성남시 분당구 산운로151번길 7-10 (운중동)
202501,1,470,22,18986,9**,단독,8m미만,397.6000,330.0000,560000.0000,0.0000,2012,산운로,-,중개거래,경기도 성남시 분당구 운중동,4113511500,40724,10891100230656,231.4,235.65,단독주택,단독주택,경기도 성남시 분당구 운중동 986-8번지,경기도 성남시 분당구 산운로139번길 18 (운중동)
202501,1,470,22,18986,9**,단독,8m미만,397.6000,330.0000,560000.0000,0.0000,2012,산운로,-,중개거래,경기도 성남시 분당구 운중동,4113511500,40724,10891100231043,231.7,298.89,단독주택,단독주택,경기도 성남시 분당구 운중동 985-4번지,경기도 성남시 분당구 산운로151번길 7-4 (운중동)
202501,1,470,22,18986,9**,단독,8m미만,397.6000,330.0000,560000.0000,0.0000,2012,산운로,-,중개거래,경기도 성남시 분당구 운중동,4113511500,40724,10891100231156,228.6,201.5,단독주택,단독주택,경기도 성남시 분당구 운중동 984-6번지,경기도 성남시 분당구 산운로159번길 7-7 (운중동)
202501,1,470,22,18986,9**,단독,8m미만,397.6000,330.0000,560000.0000,0.0000,2012,산운로,-,중개거래,경기도 성남시 분당구 운중동,4113511500,40724,10891100231337,264.2,382.94,단독주택,다가구 및 근린,경기도 성남시 분당구 운중동 972번지,경기도 성남시 분당구 산운로160번길 20-9 (운중동)
202501,1,470,22,18986,9**,단독,8m미만,397.6000,330.0000,560000.0000,0.0000,2012,산운로,-,중개거래,경기도 성남시 분당구 운중동,4113511500,40724,10891100231517,224.4,217.4,단독주택,단독주택,경기도 성남시 분당구 운중동 982-5번지,경기도 성남시 분당구 산운로139번길 4-10 (운중동)
202501,1,470,22,18986,9**,단독,8m미만,397.6000,330.0000,560000.0000,0.0000,2012,산운로,-,중개거래,경기도 성남시 분당구 운중동,4113511500,40724,10891100232498,232.2,285.84,단독주택,단독주택,경기도 성남시 분당구 운중동 984-1번지,경기도 성남시 분당구 산운로151번길 7-3 (운중동)
202501,1,470,22,18986,9**,단독,8m미만,397.6000,330.0000,560000.0000,0.0000,2012,산운로,-,중개거래,경기도 성남시 분당구 운중동,4113511500,40724,10891100229357,292.0,299.06,단독주택,단독주택,경기도 성남시 분당구 운중동 983번지,경기도 성남시 분당구 산운로139번길 4-5 (운중동)
202501,1,470,22,18986,9**,단독,8m미만,397.6000,330.0000,560000.0000,0.0000,2012,산운로,-,중개거래,경기도 성남시 분당구 운중동,4113511500,40724,10891100316469,230.3,198.7,단독주택,단독주택,경기도 성남시 분당구 운중동 986-14번지,경기도 성남시 분당구 산운로139번길 26 (운중동)
202501,1,470,22,18986,9**,단독,8m미만,397.6000,330.0000,560000.0000,0.0000,2012,산운로,-,중개거래,경기도 성남시 분당구 운중동,4113511500,40724,10891100326451,347.8,378.23,단독주택,단독주택,경기도 성남시 분당구 운중동 996-14번지,경기도 성남시 분당구 산운로171번길 33-2 (운중동)
202501,1,470,22,18986,9**,단독,8m미만,397.6000,330.0000,560000.0000,0.0000,2012,산운로,-,중개거래,경기도 성남시 분당구 운중동,4113511500,40724,10891100326991,377.6,526.08,단독주택,단독주택(단독주택),경기도 성남시 분당구 운중동 996-3번지,경기도 성남시 분당구 산운로171번길 19 (운중동)
202501,1,470,22,18986,9**,단독,8m미만,397.6000,330.0000,560000.0000,0.0000,2012,산운로,-,중개거래,경기도 성남시 분당구 운중동,4113511500,40724,10891100327059,446.8,498.82,단독주택,단독주택,경기도 성남시 분당구 운중동 996-11번지,경기도 성남시 분당구 산운로171번길 5 (운중동)
202501,1,470,22,18986,9**,단독,8m미만,397.6000,330.0000,560000.0000,0.0000,2012,산운로,-,중개거래,경기도 성남시 분당구 운중동,4113511500,40724,10891100327532,250.1,239.84,단독주택,단독주택,경기도 성남시 분당구 운중동 982-7번지,경기도 성남시 분당구 산운로159번길 3-9 (운중동)
202501,1,470,22,18986,9**,단독,8m미만,397.6000,330.0000,560000.0000,0.0000,2012,산운로,-,중개거래,경기도 성남시 분당구 운중동,4113511500,40724,10891100327533,412.1,714.06,단독주택,단독주택,경기도 성남시 분당구 운중동 995-18번지,경기도 성남시 분당구 산운로185번길 25 (운중동)
202501,1,470,22,18986,9**,단독,8m미만,397.6000,330.0000,560000.0000,0.0000,2012,산운로,-,중개거래,경기도 성남시 분당구 운중동,4113511500,40724,10891100327671,361.9,524.83,단독주택,단독주택,경기도 성남시 분당구 운중동 995-2번지,경기도 성남시 분당구 산운로185번길 29 (운중동)
202501,1,470,22,18986,9**,단독,8m미만,397.6000,330.0000,560000.0000,0.0000,2012,산운로,-,중개거래,경기도 성남시 분당구 운중동,4113511500,40724,10891100326411,304.9,356.39,단독주택,단독주택,경기도 성남시 분당구 운중동 996-8번지,경기도 성남시 분당구 산운로171번길 11-1 (운중동)
202501,1,470,22,18986,9**,단독,8m미만,397.6000,330.0000,560000.0000,0.0000,2012,산운로,-,중개거래,경기도 성남시 분당구 운중동,4113511500,40724,10891100327751,489.0,545.99,단독주택,단독주택,경기도 성남시 분당구 운중동 995-5번지,경기도 성남시 분당구 산운로185번길 35-1 (운중동)
202501,1,470,22,18986,9**,단독,8m미만,397.6000,330.0000,560000.0000,0.0000,2012,산운로,-,중개거래,경기도 성남시 분당구 운중동,4113511500,40724,10891100328011,337.6,555.46,단독주택,단독주택(1가구),경기도 성남시 분당구 운중동 996-30번지,경기도 성남시 분당구 산운로171번길 4 (운중동)
202501,1,470,22,18986,9**,단독,8m미만,397.6000,330.0000,560000.0000,0.0000,2012,산운로,-,중개거래,경기도 성남시 분당구 운중동,4113511500,40724,10891100328559,270.2,451.77,단독주택,단독주택,경기도 성남시 분당구 운중동 995-41번지,경기도 성남시 분당구 산운로185번길 36 (운중동)
202501,1,470,22,18986,9**,단독,8m미만,397.6000,330.0000,560000.0000,0.0000,2012,산운로,-,중개거래,경기도 성남시 분당구 운중동,4113511500,40724,10891100329192,295.3056,495.54,단독주택,단독주택,경기도 성남시 분당구 운중동 995-33번지,경기도 성남시 분당구 산운로185번길 14-6 (운중동)
202501,1,470,22,18986,9**,단독,8m미만,397.6000,330.0000,560000.0000,0.0000,2012,산운로,-,중개거래,경기도 성남시 분당구 운중동,4113511500,40724,10891100333991,295.5,535.65,단독주택,단독주택,경기도 성남시 분당구 운중동 995-34번지,경기도 성남시 분당구 산운로185번길 14-4 (운중동)
202501,1,470,22,18986,9**,단독,8m미만,397.6000,330.0000,560000.0000,0.0000,2012,산운로,-,중개거래,경기도 성남시 분당구 운중동,4113511500,40724,10891100334153,562.8,792.65,단독주택,단독주택(다가구주택(2가구)),경기도 성남시 분당구 운중동 995-25번지,경기도 성남시 분당구 산운로185번길 14-3 (운중동)
202501,1,470,22,18986,9**,단독,8m미만,397.6000,330.0000,560000.0000,0.0000,2012,산운로,-,중개거래,경기도 성남시 분당구 운중동,4113511500,40724,10891100327953,453.8,765.17,단독주택,단독주택(1가구),경기도 성남시 분당구 운중동 995-6번지,경기도 성남시 분당구 산운로185번길 35 (운중동)
202501,1,470,22,18986,9**,단독,8m미만,397.6000,330.0000,560000.0000,0.0000,2012,산운로,-,중개거래,경기도 성남시 분당구 운중동,4113511500,40724,10891100326051,453.3,816.21,단독주택,단독주택,경기도 성남시 분당구 운중동 995-7번지,경기도 성남시 분당구 산운로185번길 37 (운중동)
202501,1,470,22,18986,9**,단독,8m미만,397.6000,330.0000,560000.0000,0.0000,2012,산운로,-,중개거래,경기도 성남시 분당구 운중동,4113511500,40724,10891100325972,286.4,472.74,단독주택,단독주택,경기도 성남시 분당구 운중동 995-20번지,경기도 성남시 분당구 산운로185번길 14-11 (운중동)
202501,1,470,22,18986,9**,단독,8m미만,397.6000,330.0000,560000.0000,0.0000,2012,산운로,-,중개거래,경기도 성남시 분당구 운중동,4113511500,40724,10891100316230,310.1,457.89,단독주택,단독주택,경기도 성남시 분당구 운중동 996-19번지,경기도 성남시 분당구 산운로171번길 25 (운중동)
202501,1,470,22,18986,9**,단독,8m미만,397.6000,330.0000,560000.0000,0.0000,2012,산운로,-,중개거래,경기도 성남시 분당구 운중동,4113511500,40724,10891100319527,289.0,477.89,단독주택,단독주택,경기도 성남시 분당구 운중동 995-10번지,경기도 성남시 분당구 산운로185번길 11 (운중동)
202501,1,470,22,18986,9**,단독,8m미만,397.6000,330.0000,560000.0000,0.0000,2012,산운로,-,중개거래,경기도 성남시 분당구 운중동,4113511500,40724,10891100319547,232.3,277.83,단독주택,단독주택,경기도 성남시 분당구 운중동 984-2번지,경기도 성남시 분당구 산운로151번길 7-1 (운중동)
202501,1,470,22,18986,9**,단독,8m미만,397.6000,330.0000,560000.0000,0.0000,2012,산운로,-,중개거래,경기도 성남시 분당구 운중동,4113511500,40724,10891100319671,330.7,523.65,단독주택,단독주택,경기도 성남시 분당구 운중동 996-21번지,경기도 성남시 분당구 산운로171번길 24 (운중동)
202501,1,470,22,18986,9**,단독,8m미만,397.6000,330.0000,560000.0000,0.0000,2012,산운로,-,중개거래,경기도 성남시 분당구 운중동,4113511500,40724,10891100319711,329.9,425.57,단독주택,단독주택,경기도 성남시 분당구 운중동 995-12번지,경기도 성남시 분당구 산운로185번길 13 (운중동)
202501,1,470,22,18986,9**,단독,8m미만,397.6000,330.0000,560000.0000,0.0000,2012,산운로,-,중개거래,경기도 성남시 분당구 운중동,4113511500,40724,10891100320371,335.6,491.86,단독주택,단독주택,경기도 성남시 분당구 운중동 995-13번지,경기도 성남시 분당구 산운로185번길 15 (운중동)
202501,1,470,22,18986,9**,단독,8m미만,397.6000,330.0000,560000.0000,0.0000,2012,산운로,-,중개거래,경기도 성남시 분당구 운중동,4113511500,40724,10891100320612,230.3,205.89,단독주택,단독주택,경기도 성남시 분당구 운중동 986-16번지,경기도 성남시 분당구 산운로139번길 28-1 (운중동)
202501,1,470,22,18986,9**,단독,8m미만,397.6000,330.0000,560000.0000,0.0000,2012,산운로,-,중개거래,경기도 성남시 분당구 운중동,4113511500,40724,10891100320831,416.8,469.1,단독주택,단독주택,경기도 성남시 분당구 운중동 997-4번지,경기도 성남시 분당구 산운로170번길 4-14 (운중동)
202501,1,470,22,18986,9**,단독,8m미만,397.6000,330.0000,560000.0000,0.0000,2012,산운로,-,중개거래,경기도 성남시 분당구 운중동,4113511500,40724,10891100320851,339.9,584.71,단독주택,단독주택,경기도 성남시 분당구 운중동 995-14번지,경기도 성남시 분당구 산운로185번길 17 (운중동)
202501,1,470,22,18986,9**,단독,8m미만,397.6000,330.0000,560000.0000,0.0000,2012,산운로,-,중개거래,경기도 성남시 분당구 운중동,4113511500,40724,10891100322091,327.6,444.71,단독주택,단독주택,경기도 성남시 분당구 운중동 995-24번지,경기도 성남시 분당구 산운로185번길 18 (운중동)
202501,1,470,22,18986,9**,단독,8m미만,397.6000,330.0000,560000.0000,0.0000,2012,산운로,-,중개거래,경기도 성남시 분당구 운중동,4113511500,40724,10891100322471,345.8,348.11,단독주택,단독주택,경기도 성남시 분당구 운중동 998번지,경기도 성남시 분당구 산운로170번길 4-5 (운중동)
202501,1,470,22,18986,9**,단독,8m미만,397.6000,330.0000,560000.0000,0.0000,2012,산운로,-,중개거래,경기도 성남시 분당구 운중동,4113511500,40724,10891100322732,648.2,732.37,단독주택,단독주택(다가구주택),경기도 성남시 분당구 운중동 995-27번지,경기도 성남시 분당구 산운로185번길 22 (운중동)
202501,1,470,22,18986,9**,단독,8m미만,397.6000,330.0000,560000.0000,0.0000,2012,산운로,-,중개거래,경기도 성남시 분당구 운중동,4113511500,40724,10891100323692,306.3,471.08,단독주택,단독주택,경기도 성남시 분당구 운중동 996-7번지,경기도 성남시 분당구 산운로171번길 11 (운중동)
202501,1,470,22,18986,9**,단독,8m미만,397.6000,330.0000,560000.0000,0.0000,2012,산운로,-,중개거래,경기도 성남시 분당구 운중동,4113511500,40724,10891100324691,286.8,398.05,단독주택,단독주택,경기도 성남시 분당구 운중동 995-37번지,경기도 성남시 분당구 산운로185번길 8 (운중동)
202501,1,470,22,18986,9**,단독,8m미만,397.6000,330.0000,560000.0000,0.0000,2012,산운로,-,중개거래,경기도 성남시 분당구 운중동,4113511500,40724,10891100325971,315.3,435.04,단독주택,단독주택,경기도 성남시 분당구 운중동 996-18번지,경기도 성남시 분당구 산운로171번길 27 (운중동)
202501,1,470,22,18986,9**,단독,8m미만,397.6000,330.0000,560000.0000,0.0000,2012,산운로,-,중개거래,경기도 성남시 분당구 운중동,4113511500,40724,10891100334431,359.1,555.53,단독주택,단독주택,경기도 성남시 분당구 운중동 996-26번지,경기도 성남시 분당구 산운로171번길 16 (운중동)
202501,1,470,22,18986,9**,단독,8m미만,397.6000,330.0000,560000.0000,0.0000,2012,산운로,-,중개거래,경기도 성남시 분당구 운중동,4113511500,40724,10891100316229,286.9,391.83,단독주택,단독주택,경기도 성남시 분당구 운중동 996-15번지,경기도 성남시 분당구 산운로171번길 31 (운중동)
202501,1,470,22,18986,9**,단독,8m미만,397.6000,330.0000,560000.0000,0.0000,2012,산운로,-,중개거래,경기도 성남시 분당구 운중동,4113511500,40724,10891100334851,372.6,465.98,단독주택,단독주택,경기도 성남시 분당구 운중동 996-5번지,경기도 성남시 분당구 산운로171번길 15 (운중동)
202501,1,470,22,18986,9**,단독,8m미만,397.6000,330.0000,560000.0000,0.0000,2012,산운로,-,중개거래,경기도 성남시 분당구 운중동,4113511500,40724,10891100335391,361.9,502.235,단독주택,단독주택,경기도 성남시 분당구 운중동 995-3번지,경기도 성남시 분당구 산운로185번길 31 (운중동)
202501,1,470,22,18986,9**,단독,8m미만,397.6000,330.0000,560000.0000,0.0000,2012,산운로,-,중개거래,경기도 성남시 분당구 운중동,4113511500,40724,10891100348351,365.3,626.72,단독주택,단독주택,경기도 성남시 분당구 운중동 996-6번지,경기도 성남시 분당구 산운로171번길 13 (운중동)
202501,1,470,22,18986,9**,단독,8m미만,397.6000,330.0000,560000.0000,0.0000,2012,산운로,-,중개거래,경기도 성남시 분당구 운중동,4113511500,40724,10891100348526,395.2,701.46,단독주택,단독주택,경기도 성남시 분당구 운중동 996-13번지,경기도 성남시 분당구 산운로171번길 33 (운중동)
202501,1,470,22,18986,9**,단독,8m미만,397.6000,330.0000,560000.0000,0.0000,2012,산운로,-,중개거래,경기도 성남시 분당구 운중동,4113511500,40724,10891100348731,396.0,742.44,단독주택,단독주택(다가구주택(2가구)),경기도 성남시 분당구 운중동 995-16번지,경기도 성남시 분당구 산운로185번길 21 (운중동)
202501,1,470,22,18986,9**,단독,8m미만,397.6000,330.0000,560000.0000,0.0000,2012,산운로,-,중개거래,경기도 성남시 분당구 운중동,4113511500,40724,10891100349212,383.9,674.3,단독주택,단독주택,경기도 성남시 분당구 운중동 995-15번지,경기도 성남시 분당구 산운로185번길 19 (운중동)
202501,1,470,22,18986,9**,단독,8m미만,397.6000,330.0000,560000.0000,0.0000,2012,산운로,-,중개거래,경기도 성남시 분당구 운중동,4113511500,40724,10891100349973,363.5,584.53,단독주택,단독주택,경기도 성남시 분당구 운중동 995-4번지,경기도 성남시 분당구 산운로185번길 33 (운중동)
202501,1,470,22,18986,9**,단독,8m미만,397.6000,330.0000,560000.0000,0.0000,2012,산운로,-,중개거래,경기도 성남시 분당구 운중동,4113511500,40724,10891100345551,337.7,511.79,단독주택,단독주택,경기도 성남시 분당구 운중동 996-17번지,경기도 성남시 분당구 산운로171번길 29 (운중동)
202501,1,470,22,18986,9**,단독,8m미만,397.6000,330.0000,560000.0000,0.0000,2012,산운로,-,중개거래,경기도 성남시 분당구 운중동,4113511500,40724,10891100351192,309.9,519.57,단독주택,단독주택,경기도 성남시 분당구 운중동 996-16번지,경기도 성남시 분당구 산운로171번길 29-1 (운중동)
202501,1,470,22,18986,9**,단독,8m미만,397.6000,330.0000,560000.0000,0.0000,2012,산운로,-,중개거래,경기도 성남시 분당구 운중동,4113511500,40724,10891100351471,295.4,573.6,단독주택,단독주택,경기도 성남시 분당구 운중동 995-32번지,경기도 성남시 분당구 산운로185번길 14-8 (운중동)
202501,1,470,22,18986,9**,단독,8m미만,397.6000,330.0000,560000.0000,0.0000,2012,산운로,-,중개거래,경기도 성남시 분당구 운중동,4113511500,40724,10891100352951,295.2,511.45,단독주택,단독주택,경기도 성남시 분당구 운중동 995-31번지,경기도 성남시 분당구 산운로185번길 14-10 (운중동)
202501,1,470,22,18986,9**,단독,8m미만,397.6000,330.0000,560000.0000,0.0000,2012,산운로,-,중개거래,경기도 성남시 분당구 운중동,4113511500,40724,10891100353091,437.2,773.66,단독주택,단독주택,경기도 성남시 분당구 운중동 995-19번지,경기도 성남시 분당구 산운로185번길 27-1 (운중동)
202501,1,470,22,18986,9**,단독,8m미만,397.6000,330.0000,560000.0000,0.0000,2012,산운로,-,중개거래,경기도 성남시 분당구 운중동,4113511500,40724,10891100222645,316.3,283.0,단독주택,단독주택,경기도 성남시 분당구 운중동 999번지,경기도 성남시 분당구 산운로170번길 5 (운중동)
202501,1,470,22,18986,9**,단독,8m미만,397.6000,330.0000,560000.0000,0.0000,2012,산운로,-,중개거래,경기도 성남시 분당구 운중동,4113511500,40724,10891100350312,401.5,682.64,단독주택,단독주택(다가구주택),경기도 성남시 분당구 운중동 995-9번지,경기도 성남시 분당구 산운로185번길 7 (운중동)
202501,1,470,22,18986,9**,단독,8m미만,397.6000,330.0000,560000.0000,0.0000,2012,산운로,-,중개거래,경기도 성남시 분당구 운중동,4113511500,40724,10891100345513,389.1,580.64,단독주택,다가구주택,경기도 성남시 분당구 운중동 996-20번지,경기도 성남시 분당구 산운로171번길 23 (운중동)
202501,1,470,22,18986,9**,단독,8m미만,397.6000,330.0000,560000.0000,0.0000,2012,산운로,-,중개거래,경기도 성남시 분당구 운중동,4113511500,40724,10891100345431,395.6,618.18,단독주택,단독주택,경기도 성남시 분당구 운중동 996-12번지,경기도 성남시 분당구 산운로171번길 35 (운중동)
202501,1,470,22,18986,9**,단독,8m미만,397.6000,330.0000,560000.0000,0.0000,2012,산운로,-,중개거래,경기도 성남시 분당구 운중동,4113511500,40724,10891100344451,287.0,431.09,단독주택,단독주택,경기도 성남시 분당구 운중동 995-39번지,경기도 성남시 분당구 산운로185번길 40 (운중동)
202501,1,470,22,18986,9**,단독,8m미만,397.6000,330.0000,560000.0000,0.0000,2012,산운로,-,중개거래,경기도 성남시 분당구 운중동,4113511500,40724,10891100335392,264.8,318.66,단독주택,단독주택,경기도 성남시 분당구 운중동 998-8번지,경기도 성남시 분당구 산운로170번길 4-9 (운중동)
202501,1,470,22,18986,9**,단독,8m미만,397.6000,330.0000,560000.0000,0.0000,2012,산운로,-,중개거래,경기도 성남시 분당구 운중동,4113511500,40724,10891100335451,278.2,456.72,단독주택,단독주택,경기도 성남시 분당구 운중동 995-30번지,경기도 성남시 분당구 산운로185번길 32 (운중동)
202501,1,470,22,18986,9**,단독,8m미만,397.6000,330.0000,560000.0000,0.0000,2012,산운로,-,중개거래,경기도 성남시 분당구 운중동,4113511500,40724,10891100335454,300.4,448.47,단독주택,단독주택,경기도 성남시 분당구 운중동 996-27번지,경기도 성남시 분당구 산운로171번길 14 (운중동)
202501,1,470,22,18986,9**,단독,8m미만,397.6000,330.0000,560000.0000,0.0000,2012,산운로,-,중개거래,경기도 성남시 분당구 운중동,4113511500,40724,10891100335512,369.1,545.09,단독주택,단독주택,경기도 성남시 분당구 운중동 996-2번지,경기도 성남시 분당구 산운로171번길 21 (운중동)
202501,1,470,22,18986,9**,단독,8m미만,397.6000,330.0000,560000.0000,0.0000,2012,산운로,-,중개거래,경기도 성남시 분당구 운중동,4113511500,40724,10891100341651,319.4,505.41,단독주택,단독주택,경기도 성남시 분당구 운중동 996-28번지,경기도 성남시 분당구 산운로171번길 8 (운중동)
202501,1,470,22,18986,9**,단독,8m미만,397.6000,330.0000,560000.0000,0.0000,2012,산운로,-,중개거래,경기도 성남시 분당구 운중동,4113511500,40724,10891100343011,337.4,490.29,단독주택,단독주택,경기도 성남시 분당구 운중동 996-29번지,경기도 성남시 분당구 산운로171번길 6 (운중동)
202501,1,470,22,18986,9**,단독,8m미만,397.6000,330.0000,560000.0000,0.0000,2012,산운로,-,중개거래,경기도 성남시 분당구 운중동,4113511500,40724,10891100343091,434.0,774.81,단독주택,단독주택,경기도 성남시 분당구 운중동 995-17번지,경기도 성남시 분당구 산운로185번길 23 (운중동)
202501,1,470,22,18986,9**,단독,8m미만,397.6000,330.0000,560000.0000,0.0000,2012,산운로,-,중개거래,경기도 성남시 분당구 운중동,4113511500,40724,10891100343112,286.7,501.2,단독주택,단독주택,경기도 성남시 분당구 운중동 995-38번지,경기도 성남시 분당구 산운로185번길 6 (운중동)
202501,1,470,22,18986,9**,단독,8m미만,397.6000,330.0000,560000.0000,0.0000,2012,산운로,-,중개거래,경기도 성남시 분당구 운중동,4113511500,40724,10891100343830,442.8,767.41,단독주택,단독주택(다가구주택),경기도 성남시 분당구 운중동 996-9번지,경기도 성남시 분당구 산운로171번길 9 (운중동)
202501,1,470,22,18986,9**,단독,8m미만,397.6000,330.0000,560000.0000,0.0000,2012,산운로,-,중개거래,경기도 성남시 분당구 운중동,4113511500,40724,10891100343831,396.1,591.84,단독주택,단독주택,경기도 성남시 분당구 운중동 996-24번지,경기도 성남시 분당구 산운로171번길 30-3 (운중동)
202501,1,470,22,18986,9**,단독,8m미만,397.6000,330.0000,560000.0000,0.0000,2012,산운로,-,중개거래,경기도 성남시 분당구 운중동,4113511500,40724,10891100343832,572.4,972.07,단독주택,단독주택,경기도 성남시 분당구 운중동 995-21번지,경기도 성남시 분당구 산운로185번길 14-9 (운중동)
202501,1,470,22,18986,9**,단독,8m미만,397.6000,330.0000,560000.0000,0.0000,2012,산운로,-,중개거래,경기도 성남시 분당구 운중동,4113511500,40724,10891100343891,400.3,721.33,단독주택,단독주택(다가구주택),경기도 성남시 분당구 운중동 995-1번지,경기도 성남시 분당구 산운로185번길 27 (운중동)
202501,1,470,22,18986,9**,단독,8m미만,397.6000,330.0000,560000.0000,0.0000,2012,산운로,-,중개거래,경기도 성남시 분당구 운중동,4113511500,40724,10891100344031,263.8,295.82,단독주택,단독주택,경기도 성남시 분당구 운중동 998-6번지,경기도 성남시 분당구 산운로170번길 4-13 (운중동)
202501,1,470,22,18986,9**,단독,8m미만,397.6000,330.0000,560000.0000,0.0000,2012,산운로,-,중개거래,경기도 성남시 분당구 운중동,4113511500,40724,10891100344071,327.1,420.92,단독주택,단독주택,경기도 성남시 분당구 운중동 995-11번지,경기도 성남시 분당구 산운로185번길 11-1 (운중동)
202501,1,470,22,18986,9**,단독,8m미만,397.6000,330.0000,560000.0000,0.0000,2012,산운로,-,중개거래,경기도 성남시 분당구 운중동,4113511500,40724,10891100344171,446.5,779.53,단독주택,단독주택(다가구주택-2가구),경기도 성남시 분당구 운중동 996-10번지,경기도 성남시 분당구 산운로171번길 7 (운중동)
202501,1,470,22,18986,9**,단독,8m미만,397.6000,330.0000,560000.0000,0.0000,2012,산운로,-,중개거래,경기도 성남시 분당구 운중동,4113511500,40724,10891100315827,276.4,411.14,단독주택,단독주택,경기도 성남시 분당구 운중동 995-28번지,경기도 성남시 분당구 산운로185번길 14-7 (운중동)
202501,1,470,22,18986,9**,단독,8m미만,397.6000,330.0000,560000.0000,0.0000,2012,산운로,-,중개거래,경기도 성남시 분당구 운중동,4113511500,40724,10891100310907,231.4,249.54,단독주택,단독주택(다가구주택(2가구)),경기도 성남시 분당구 운중동 986-4번지,경기도 성남시 분당구 산운로139번길 10-1 (운중동)
202501,1,470,22,18986,9**,단독,8m미만,397.6000,330.0000,560000.0000,0.0000,2012,산운로,-,중개거래,경기도 성남시 분당구 운중동,4113511500,40724,10891100260187,228.7,323.73,단독주택,단독주택,경기도 성남시 분당구 운중동 983-4번지,경기도 성남시 분당구 산운로159번길 3-8 (운중동)
202501,1,470,22,18986,9**,단독,8m미만,397.6000,330.0000,560000.0000,0.0000,2012,산운로,-,중개거래,경기도 성남시 분당구 운중동,4113511500,40724,10891100263147,231.0,195.77,단독주택,단독주택,경기도 성남시 분당구 운중동 986-5번지,경기도 성남시 분당구 산운로139번길 12 (운중동)
202501,1,470,22,18986,9**,단독,8m미만,397.6000,330.0000,560000.0000,0.0000,2012,산운로,-,중개거래,경기도 성남시 분당구 운중동,4113511500,40724,10891100268192,228.7,212.09,단독주택,단독주택,경기도 성남시 분당구 운중동 984-4번지,경기도 성남시 분당구 산운로159번길 7-11 (운중동)
202501,1,470,22,18986,9**,단독,8m미만,397.6000,330.0000,560000.0000,0.0000,2012,산운로,-,중개거래,경기도 성남시 분당구 운중동,4113511500,40724,10891100268427,231.0,350.08,단독주택,단독주택,경기도 성남시 분당구 운중동 985-2번지,경기도 성남시 분당구 산운로151번길 7-8 (운중동)
202501,1,470,22,18986,9**,단독,8m미만,397.6000,330.0000,560000.0000,0.0000,2012,산운로,-,중개거래,경기도 성남시 분당구 운중동,4113511500,40724,10891100263248,228.6,354.98,단독주택,단독주택,경기도 성남시 분당구 운중동 983-6번지,경기도 성남시 분당구 산운로159번길 3-4 (운중동)
202501,1,470,22,18986,9**,단독,8m미만,397.6000,330.0000,560000.0000,0.0000,2012,산운로,-,중개거래,경기도 성남시 분당구 운중동,4113511500,40724,10891100260107,263.9,279.04,단독주택,단독주택,경기도 성남시 분당구 운중동 997-1번지,경기도 성남시 분당구 산운로170번길 4-8 (운중동)
202501,1,470,22,18986,9**,단독,8m미만,397.6000,330.0000,560000.0000,0.0000,2012,산운로,-,중개거래,경기도 성남시 분당구 운중동,4113511500,40724,10891100255267,230.3,361.68,단독주택,단독주택,경기도 성남시 분당구 운중동 985-11번지,경기도 성남시 분당구 산운로159번길 7-4 (운중동)
202501,1,470,22,18986,9**,단독,8m미만,397.6000,330.0000,560000.0000,0.0000,2012,산운로,-,중개거래,경기도 성남시 분당구 운중동,4113511500,40724,10891100259247,264.0,262.95,단독주택,단독주택,경기도 성남시 분당구 운중동 997번지,경기도 성남시 분당구 산운로170번길 4-6 (운중동)
202501,1,470,22,18986,9**,단독,8m미만,397.6000,330.0000,560000.0000,0.0000,2012,산운로,-,중개거래,경기도 성남시 분당구 운중동,4113511500,40724,10891100314727,470.1,458.23,단독주택,단독주택,경기도 성남시 분당구 운중동 996-22번지,경기도 성남시 분당구 산운로171번길 28 (운중동)
202501,1,470,22,18986,9**,단독,8m미만,397.6000,330.0000,560000.0000,0.0000,2012,산운로,-,중개거래,경기도 성남시 분당구 운중동,4113511500,40724,10891100269207,265.2,429.72,단독주택,다가구주택(3가구) 및 근생,경기도 성남시 분당구 운중동 972-1번지,경기도 성남시 분당구 산운로160번길 20-7 (운중동)
202501,1,470,22,18986,9**,단독,8m미만,397.6000,330.0000,560000.0000,0.0000,2012,산운로,-,중개거래,경기도 성남시 분당구 운중동,4113511500,40724,10891100295068,228.6,307.97,단독주택,단독주택,경기도 성남시 분당구 운중동 983-5번지,경기도 성남시 분당구 산운로159번길 3-6 (운중동)
202501,1,470,22,18986,9**,단독,8m미만,397.6000,330.0000,560000.0000,0.0000,2012,산운로,-,중개거래,경기도 성남시 분당구 운중동,4113511500,40724,10891100296667,236.0,257.95,단독주택,단독주택,경기도 성남시 분당구 운중동 985번지,경기도 성남시 분당구 산운로139번길 4-3 (운중동)
202501,1,470,22,18986,9**,단독,8m미만,397.6000,330.0000,560000.0000,0.0000,2012,산운로,-,중개거래,경기도 성남시 분당구 운중동,4113511500,40724,10891100302799,231.1,298.47,단독주택,단독주택,경기도 성남시 분당구 운중동 982-8번지,경기도 성남시 분당구 산운로159번길 3-7 (운중동)
202501,1,470,22,18986,9**,단독,8m미만,397.6000,330.0000,560000.0000,0.0000,2012,산운로,-,중개거래,경기도 성남시 분당구 운중동,4113511500,40724,10891100306507,264.8,346.19,단독주택,단독주택,경기도 성남시 분당구 운중동 998-2번지,경기도 성남시 분당구 산운로170번길 8 (운중동)
202501,1,470,22,18986,9**,단독,8m미만,397.6000,330.0000,560000.0000,0.0000,2012,산운로,-,중개거래,경기도 성남시 분당구 운중동,4113511500,40724,10891100289689,448.8,372.04,단독주택,단독주택,경기도 성남시 분당구 운중동 982-1번지,경기도 성남시 분당구 산운로139번길 4-4 (운중동)
202501,1,470,22,18986,9**,단독,8m미만,397.6000,330.0000,560000.0000,0.0000,2012,산운로,-,중개거래,경기도 성남시 분당구 운중동,4113511500,40724,10891100309168,421.3,39.44,단독주택,단독주택(단독형 집합건축물 부대복리시설),경기도 성남시 분당구 운중동 995-44번지,경기도 성남시 분당구 산운로 187 (운중동)
202501,1,470,22,18986,9**,단독,8m미만,397.6000,330.0000,560000.0000,0.0000,2012,산운로,-,중개거래,경기도 성남시 분당구 운중동,4113511500,40724,10891100309169,350.3,39.44,단독주택,단독주택(단독형 집합주택 부대복리시설),경기도 성남시 분당구 운중동 996-35번지,경기도 성남시 분당구 산운로 173 (운중동)
202501,1,470,22,18986,9**,단독,8m미만,397.6000,330.0000,560000.0000,0.0000,2012,산운로,-,중개거래,경기도 성남시 분당구 운중동,4113511500,40724,10891100309507,873.8,873.3,단독주택,단독주택(단독형 집합주택 부대복리시설),경기도 성남시 분당구 운중동 995-43번지,경기도 성남시 분당구 산운로 179 (운중동)
202501,1,470,22,18986,9**,단독,8m미만,397.6000,330.0000,560000.0000,0.0000,2012,산운로,-,중개거래,경기도 성남시 분당구 운중동,4113511500,40724,10891100309508,873.8,39.44,단독주택,단독주택(단독형 집합주택 부대복리시설),경기도 성남시 분당구 운중동 995-43번지,경기도 성남시 분당구 산운로 179 (운중동)
202501,1,470,22,18986,9**,단독,8m미만,397.6000,330.0000,560000.0000,0.0000,2012,산운로,-,중개거래,경기도 성남시 분당구 운중동,4113511500,40724,10891100310168,232.5,327.02,단독주택,단독주택,경기도 성남시 분당구 운중동 985-6번지,경기도 성남시 분당구 산운로151번길 9 (운중동)
202501,1,470,22,18986,9**,단독,8m미만,397.6000,330.0000,560000.0000,0.0000,2012,산운로,-,중개거래,경기도 성남시 분당구 운중동,4113511500,40724,10891100309167,403.7,39.44,단독주택,단독주택(단독형 집합주택 부대복리시설),경기도 성남시 분당구 운중동 996-34번지,경기도 성남시 분당구 산운로 171 (운중동)
202501,1,470,22,18986,9**,단독,8m미만,397.6000,330.0000,560000.0000,0.0000,2012,산운로,-,중개거래,경기도 성남시 분당구 운중동,4113511500,40724,10891100287508,263.8,280.95,단독주택,단독주택,경기도 성남시 분당구 운중동 997-9번지,경기도 성남시 분당구 산운로208번길 37 (운중동)
202501,1,470,22,18986,9**,단독,8m미만,397.6000,330.0000,560000.0000,0.0000,2012,산운로,-,중개거래,경기도 성남시 분당구 운중동,4113511500,40724,10891100270307,265.2,293.1,단독주택,단독주택,경기도 성남시 분당구 운중동 999-9번지,경기도 성남시 분당구 산운로170번길 7 (운중동)
202501,1,470,22,18986,9**,단독,8m미만,397.6000,330.0000,560000.0000,0.0000,2012,산운로,-,중개거래,경기도 성남시 분당구 운중동,4113511500,40724,10891100272148,265.1,209.33,단독주택,단독주택,경기도 성남시 분당구 운중동 999-2번지,경기도 성남시 분당구 산운로170번길 3-8 (운중동)
202501,1,470,22,18986,9**,단독,8m미만,397.6000,330.0000,560000.0000,0.0000,2012,산운로,-,중개거래,경기도 성남시 분당구 운중동,4113511500,40724,10891100280967,232.1,208.49,단독주택,단독주택,경기도 성남시 분당구 운중동 984-3번지,경기도 성남시 분당구 산운로151번길 7 (운중동)
202501,1,470,22,18986,9**,단독,8m미만,397.6000,330.0000,560000.0000,0.0000,2012,산운로,-,중개거래,경기도 성남시 분당구 운중동,4113511500,40724,10891100286167,228.6,223.49,단독주택,다가구주택(2가구),경기도 성남시 분당구 운중동 984-7번지,경기도 성남시 분당구 산운로159번길 7-5 (운중동)
202501,1,470,22,18986,9**,단독,8m미만,397.6000,330.0000,560000.0000,0.0000,2012,산운로,-,중개거래,경기도 성남시 분당구 운중동,4113511500,40724,10891100287168,263.9,226.35,단독주택,단독주택,경기도 성남시 분당구 운중동 997-6번지,경기도 성남시 분당구 산운로208번길 41 (운중동)
202501,1,470,22,18986,9**,단독,8m미만,397.6000,330.0000,560000.0000,0.0000,2012,산운로,-,중개거래,경기도 성남시 분당구 운중동,4113511500,40724,10891100269608,231.3,221.64,단독주택,단독주택,경기도 성남시 분당구 운중동 986-10번지,경기도 성남시 분당구 산운로139번길 20 (운중동)
202501,1,470,22,18986,9**,단독,8m미만,397.6000,330.0000,560000.0000,0.0000,2012,산운로,-,중개거래,경기도 성남시 분당구 운중동,4113511500,40724,10891100217142,263.8,257.0,단독주택,단독주택,경기도 성남시 분당구 운중동 997-7번지,경기도 성남시 분당구 산운로208번길 39 (운중동)
202501,1,470,22,18986,9**,단독,8m미만,397.6000,330.0000,560000.0000,0.0000,2012,산운로,-,중개거래,경기도 성남시 분당구 운중동,4113511500,40724,1000000000000000093789,286.8,421.38,단독주택,단독주택,경기도 성남시 분당구 운중동 995-40번지,경기도 성남시 분당구 산운로185번길 38 (운중동)
202501,1,470,22,18986,9**,단독,8m미만,397.6000,330.0000,560000.0000,0.0000,2012,산운로,-,중개거래,경기도 성남시 분당구 운중동,4113511500,40724,1000000000000000979452,527.9,886.96,단독주택,단독주택(다가구주택),경기도 성남시 분당구 운중동 996-1번지,경기도 성남시 분당구 산운로171번길 23-1 (운중동)
202501,1,470,22,18986,9**,단독,8m미만,397.6000,330.0000,560000.0000,0.0000,2012,산운로,-,중개거래,경기도 성남시 분당구 운중동,4113511500,40724,1000000000000001013522,339.2,540.68,단독주택,단독주택,경기도 성남시 분당구 운중동 995-22번지,경기도 성남시 분당구 산운로185번길 24 (운중동)
202501,1,470,22,18986,9**,단독,8m미만,397.6000,330.0000,560000.0000,0.0000,2012,산운로,-,중개거래,경기도 성남시 분당구 운중동,4113511500,40724,1000000000000001211866,399.5,719.31,단독주택,단독주택,경기도 성남시 분당구 운중동 995-8번지,경기도 성남시 분당구 산운로185번길 5 (운중동)
202501,1,470,22,18986,9**,단독,8m미만,397.6000,330.0000,560000.0000,0.0000,2012,산운로,-,중개거래,경기도 성남시 분당구 운중동,4113511500,40724,1000000000000001708348,413.4,724.64,단독주택,단독주택(단독주택),경기도 성남시 분당구 운중동 996-25번지,경기도 성남시 분당구 산운로171번길 18 (운중동)
202501,1,470,22,18986,9**,단독,8m미만,397.6000,330.0000,560000.0000,0.0000,2012,산운로,-,중개거래,경기도 성남시 분당구 운중동,4113511500,40724,1000000000000002037043,393.3,559.54,단독주택,단독주택,경기도 성남시 분당구 운중동 996-4번지,경기도 성남시 분당구 산운로171번길 17 (운중동)
202501,1,470,22,18986,9**,단독,8m미만,397.6000,330.0000,560000.0000,0.0000,2012,산운로,-,중개거래,경기도 성남시 분당구 운중동,4113511500,40724,1000000000000002239584,230.3,288.75,단독주택,단독주택,경기도 성남시 분당구 운중동 986-17번지,경기도 성남시 분당구 산운로139번길 30 (운중동)
202501,1,470,22,18986,9**,단독,8m미만,397.6000,330.0000,560000.0000,0.0000,2012,산운로,-,중개거래,경기도 성남시 분당구 운중동,4113511500,40724,1000000000000003785824,272.8,216.24,단독주택,단독주택,경기도 성남시 분당구 운중동 997-5번지,경기도 성남시 분당구 산운로208번길 43 (운중동)
202501,1,470,22,18986,9**,단독,8m미만,397.6000,330.0000,560000.0000,0.0000,2012,산운로,-,중개거래,경기도 성남시 분당구 운중동,4113511500,40724,1000000000000000561139,345.8,325.31,단독주택,단독주택,경기도 성남시 분당구 운중동 998-1번지,경기도 성남시 분당구 산운로170번길 6 (운중동)
202501,1,470,22,18986,9**,단독,8m미만,397.6000,330.0000,560000.0000,0.0000,2012,산운로,-,중개거래,경기도 성남시 분당구 운중동,4113511500,40724,10891100211941,264.9,254.42,단독주택,단독주택,경기도 성남시 분당구 운중동 998-9번지,경기도 성남시 분당구 산운로170번길 4-7 (운중동)
202501,1,470,22,18986,9**,단독,8m미만,397.6000,330.0000,560000.0000,0.0000,2012,산운로,-,중개거래,경기도 성남시 분당구 운중동,4113511500,40724,10891100211022,264.0,293.04,단독주택,단독주택,경기도 성남시 분당구 운중동 997-2번지,경기도 성남시 분당구 산운로170번길 4-10 (운중동)
202501,1,470,22,18986,9**,단독,8m미만,397.6000,330.0000,560000.0000,0.0000,2012,산운로,-,중개거래,경기도 성남시 분당구 운중동,4113511500,40724,10891100212684,265.0,284.13,단독주택,단독주택,경기도 성남시 분당구 운중동 998-4번지,경기도 성남시 분당구 산운로170번길 12 (운중동)
202501,1,470,22,18986,9**,단독,8m미만,397.6000,330.0000,560000.0000,0.0000,2012,산운로,-,중개거래,경기도 성남시 분당구 운중동,4113511500,40724,10891100216384,264.6,380.14,단독주택,"단독주택(다가구주택),제2종근린생활시설",경기도 성남시 분당구 운중동 970-2번지,경기도 성남시 분당구 산운로160번길 16-5 (운중동)
202501,1,470,22,18986,9**,단독,8m미만,397.6000,330.0000,560000.0000,0.0000,2012,산운로,-,중개거래,경기도 성남시 분당구 운중동,4113511500,40724,10891100216402,241.8,211.87,단독주택,단독주택,경기도 성남시 분당구 운중동 986-3번지,경기도 성남시 분당구 산운로139번길 10 (운중동)
202501,1,470,22,18986,9**,단독,8m미만,397.6000,330.0000,560000.0000,0.0000,2012,산운로,-,중개거래,경기도 성남시 분당구 운중동,4113511500,40724,10891100216853,230.5,271.09,단독주택,단독주택,경기도 성남시 분당구 운중동 985-7번지,경기도 성남시 분당구 산운로151번길 8 (운중동)
202501,1,470,22,18986,9**,단독,8m미만,397.6000,330.0000,560000.0000,0.0000,2012,산운로,-,중개거래,경기도 성남시 분당구 운중동,4113511500,40724,10891100216164,228.7,249.93,단독주택,단독주택,경기도 성남시 분당구 운중동 984-5번지,경기도 성남시 분당구 산운로159번길 7-9 (운중동)
202501,1,470,22,18986,9**,단독,8m미만,397.6000,330.0000,560000.0000,0.0000,2012,산운로,-,중개거래,경기도 성남시 분당구 운중동,4113511500,40724,10891100216866,242.2,276.512,단독주택,단독주택,경기도 성남시 분당구 운중동 984번지,경기도 성남시 분당구 산운로151번길 7-5 (운중동)
202501,1,470,22,18986,9**,단독,8m미만,397.6000,330.0000,560000.0000,0.0000,2012,산운로,-,중개거래,경기도 성남시 분당구 운중동,4113511500,40724,10891100217003,351.1,548.48,단독주택,"단독주택(다가구주택),제2종근린생활시설",경기도 성남시 분당구 운중동 969-4번지,경기도 성남시 분당구 산운로160번길 12 (운중동)
202501,1,470,22,18986,9**,단독,8m미만,397.6000,330.0000,560000.0000,0.0000,2012,산운로,-,중개거래,경기도 성남시 분당구 운중동,4113511500,40724,10891100216163,495.0,241.88,단독주택,단독주택,경기도 성남시 분당구 운중동 986-1번지,경기도 성남시 분당구 산운로139번길 8 (운중동)
202501,1,470,22,18986,9**,단독,8m미만,397.6000,330.0000,560000.0000,0.0000,2012,산운로,-,중개거래,경기도 성남시 분당구 운중동,4113511500,40724,10891100216162,241.4,287.08,단독주택,단독주택,경기도 성남시 분당구 운중동 982-6번지,경기도 성남시 분당구 산운로139번길 4-12 (운중동)
202501,1,470,22,18986,9**,단독,8m미만,397.6000,330.0000,560000.0000,0.0000,2012,산운로,-,중개거래,경기도 성남시 분당구 운중동,4113511500,40724,10891100215791,264.2,297.95,단독주택,단독주택,경기도 성남시 분당구 운중동 999-5번지,경기도 성남시 분당구 산운로208번길 36 (운중동)
202501,1,470,22,18986,9**,단독,8m미만,397.6000,330.0000,560000.0000,0.0000,2012,산운로,-,중개거래,경기도 성남시 분당구 운중동,4113511500,40724,10891100213302,265.1,275.62,단독주택,단독주택,경기도 성남시 분당구 운중동 999-8번지,경기도 성남시 분당구 산운로170번길 9 (운중동)
202501,1,470,22,18986,9**,단독,8m미만,397.6000,330.0000,560000.0000,0.0000,2012,산운로,-,중개거래,경기도 성남시 분당구 운중동,4113511500,40724,10891100213436,264.7,388.36,단독주택,"단독주택(다가구주택),제2종근린생활시설",경기도 성남시 분당구 운중동 970번지,경기도 성남시 분당구 산운로160번길 20-8 (운중동)
202501,1,470,22,18986,9**,단독,8m미만,397.6000,330.0000,560000.0000,0.0000,2012,산운로,-,중개거래,경기도 성남시 분당구 운중동,4113511500,40724,10891100213437,265.2,386.01,단독주택,"단독주택(다가구주택),제1종근린생활시설",경기도 성남시 분당구 운중동 972-2번지,경기도 성남시 분당구 산운로160번길 20-5 (운중동)
202501,1,470,22,18986,9**,단독,8m미만,397.6000,330.0000,560000.0000,0.0000,2012,산운로,-,중개거래,경기도 성남시 분당구 운중동,4113511500,40724,10891100213884,264.6,376.06,단독주택,"단독주택(다가구주택),제2종근린생활시설",경기도 성남시 분당구 운중동 970-1번지,경기도 성남시 분당구 산운로160번길 16-7 (운중동)
202501,1,470,22,18986,9**,단독,8m미만,397.6000,330.0000,560000.0000,0.0000,2012,산운로,-,중개거래,경기도 성남시 분당구 운중동,4113511500,40724,10891100214758,264.8,290.62,단독주택,단독주택,경기도 성남시 분당구 운중동 998-7번지,경기도 성남시 분당구 산운로170번길 4-11 (운중동)
202501,1,470,22,18986,9**,단독,8m미만,397.6000,330.0000,560000.0000,0.0000,2012,산운로,-,중개거래,경기도 성남시 분당구 운중동,4113511500,40724,10891100214786,408.2,607.14,단독주택,"단독주택(다가구주택),제2종근린생활시설",경기도 성남시 분당구 운중동 972-3번지,경기도 성남시 분당구 산운로160번길 22 (운중동)
202501,1,470,22,18986,9**,단독,8m미만,397.6000,330.0000,560000.0000,0.0000,2012,산운로,-,중개거래,경기도 성남시 분당구 운중동,4113511500,40724,10891100207595,264.1,432.4,단독주택,"단독주택(다가구주택),근린생활시설",경기도 성남시 분당구 운중동 969-2번지,경기도 성남시 분당구 산운로160번길 6 (운중동)
202501,1,470,22,18986,9**,단독,8m미만,397.6000,330.0000,560000.0000,0.0000,2012,산운로,-,중개거래,경기도 성남시 분당구 운중동,4113511500,40724,10891100208022,231.0,310.56,단독주택,단독주택,경기도 성남시 분당구 운중동 983-1번지,경기도 성남시 분당구 산운로139번길 4-7 (운중동)
202501,1,470,22,18986,9**,단독,8m미만,397.6000,330.0000,560000.0000,0.0000,2012,산운로,-,중개거래,경기도 성남시 분당구 운중동,4113511500,40724,10891100207534,319.8,477.33,단독주택,"단독주택(다가구주택),제2종근린생활시설",경기도 성남시 분당구 운중동 970-5번지,경기도 성남시 분당구 산운로160번길 20 (운중동)
202501,1,470,22,18986,9**,단독,8m미만,397.6000,330.0000,560000.0000,0.0000,2012,산운로,-,중개거래,경기도 성남시 분당구 운중동,4113511500,40724,10891100206078,264.0,374.92,단독주택,"단독주택(다가구주택),제1종근린생활시설",경기도 성남시 분당구 운중동 971-5번지,경기도 성남시 분당구 산운로160번길 2 (운중동)
202501,1,470,22,18986,9**,단독,8m미만,397.6000,330.0000,560000.0000,0.0000,2012,산운로,-,중개거래,경기도 성남시 분당구 운중동,4113511500,40724,10891100207272,264.0,372.36,단독주택,"단독주택(다가구주택),제1종근린생활시설",경기도 성남시 분당구 운중동 970-3번지,경기도 성남시 분당구 산운로160번길 16-3 (운중동)
202501,1,470,22,18986,9**,단독,8m미만,397.6000,330.0000,560000.0000,0.0000,2012,산운로,-,중개거래,경기도 성남시 분당구 운중동,4113511500,40724,10891100207374,350.9,502.98,단독주택,"단독주택(다가구주택),제2종근린생활시설",경기도 성남시 분당구 운중동 969-5번지,경기도 성남시 분당구 산운로160번길 16 (운중동)
202501,1,470,22,18986,9**,단독,8m미만,397.6000,330.0000,560000.0000,0.0000,2012,산운로,-,중개거래,경기도 성남시 분당구 운중동,4113511500,40724,10891100207495,264.9,242.03,단독주택,단독주택,경기도 성남시 분당구 운중동 998-3번지,경기도 성남시 분당구 산운로170번길 10 (운중동)
202501,1,470,22,18986,9**,단독,8m미만,397.6000,330.0000,560000.0000,0.0000,2012,산운로,-,중개거래,경기도 성남시 분당구 운중동,4113511500,40724,10891100209662,224.4,249.19,단독주택,단독주택,경기도 성남시 분당구 운중동 982-4번지,경기도 성남시 분당구 산운로139번길 4-8 (운중동)
202501,1,653,21,18986,1***,단독,12m미만,297.9700,268.5000,339000.0000,0.0000,2010,판교원로153번길,-,중개거래,경기도 성남시 분당구 운중동,4113511500,40725,10891100247363,231.5,210.31,단독주택,단독주택,경기도 성남시 분당구 운중동 1047번지,경기도 성남시 분당구 판교원로153번길 12 (운중동)
202501,1,653,21,18986,1***,단독,12m미만,297.9700,268.5000,339000.0000,0.0000,2010,판교원로153번길,-,중개거래,경기도 성남시 분당구 운중동,4113511500,40725,10891100246429,239.0,212.82,단독주택,단독주택,경기도 성남시 분당구 운중동 1048-3번지,경기도 성남시 분당구 판교원로153번길 10-6 (운중동)
202501,1,653,21,18986,1***,단독,12m미만,297.9700,268.5000,339000.0000,0.0000,2010,판교원로153번길,-,중개거래,경기도 성남시 분당구 운중동,4113511500,40725,10891100261507,255.8,277.06,단독주택,단독주택,경기도 성남시 분당구 운중동 1046-4번지,경기도 성남시 분당구 판교원로153번길 9 (운중동)
202501,1,653,21,18986,1***,단독,12m미만,297.9700,268.5000,339000.0000,0.0000,2010,판교원로153번길,-,중개거래,경기도 성남시 분당구 운중동,4113511500,40725,10891100261228,231.3,223.08,단독주택,단독주택,경기도 성남시 분당구 운중동 1050-8번지,경기도 성남시 분당구 판교원로153번길 4-2 (운중동)
202501,1,653,21,18986,1***,단독,12m미만,297.9700,268.5000,339000.0000,0.0000,2010,판교원로153번길,-,중개거래,경기도 성남시 분당구 운중동,4113511500,40725,10891100235921,231.6,290.78,단독주택,단독주택(1가구),경기도 성남시 분당구 운중동 1047-3번지,경기도 성남시 분당구 판교원로153번길 10-5 (운중동)
202501,1,653,21,18986,1***,단독,12m미만,297.9700,268.5000,339000.0000,0.0000,2010,판교원로153번길,-,중개거래,경기도 성남시 분당구 운중동,4113511500,40725,10891100243485,231.6,242.41,단독주택,단독주택,경기도 성남시 분당구 운중동 1047-1번지,경기도 성남시 분당구 판교원로153번길 10-1 (운중동)
202501,1,653,21,18986,1***,단독,12m미만,297.9700,268.5000,339000.0000,0.0000,2010,판교원로153번길,-,중개거래,경기도 성남시 분당구 운중동,4113511500,40725,10891100243364,269.6,297.95,단독주택,단독주택,경기도 성남시 분당구 운중동 1047-4번지,경기도 성남시 분당구 판교원로153번길 10-7 (운중동)
202501,1,653,21,18986,1***,단독,12m미만,297.9700,268.5000,339000.0000,0.0000,2010,판교원로153번길,-,중개거래,경기도 성남시 분당구 운중동,4113511500,40725,10891100243828,232.2,205.39,단독주택,단독주택,경기도 성남시 분당구 운중동 1050-11번지,경기도 성남시 분당구 판교원로153번길 4-8 (운중동)
202501,1,653,21,18986,1***,단독,12m미만,297.9700,268.5000,339000.0000,0.0000,2010,판교원로153번길,-,중개거래,경기도 성남시 분당구 운중동,4113511500,40725,10891100268467,231.4,221.21,단독주택,단독주택,경기도 성남시 분당구 운중동 1048-6번지,경기도 성남시 분당구 판교원로153번길 4-1 (운중동)
202501,1,653,21,18986,1***,단독,12m미만,297.9700,268.5000,339000.0000,0.0000,2010,판교원로153번길,-,중개거래,경기도 성남시 분당구 운중동,4113511500,40725,10891100307288,237.5,227.29,단독주택,단독주택,경기도 성남시 분당구 운중동 1048-4번지,경기도 성남시 분당구 판교원로153번길 4-5 (운중동)
202501,1,653,21,18986,1***,단독,12m미만,297.9700,268.5000,339000.0000,0.0000,2010,판교원로153번길,-,중개거래,경기도 성남시 분당구 운중동,4113511500,40725,10891100315868,247.8,271.24,단독주택,단독주택,경기도 성남시 분당구 운중동 1046번지,경기도 성남시 분당구 판교원로153번길 9-8 (운중동)
202501,1,653,21,18986,1***,단독,12m미만,297.9700,268.5000,339000.0000,0.0000,2010,판교원로153번길,-,중개거래,경기도 성남시 분당구 운중동,4113511500,40725,10891100269007,232.3,293.84,단독주택,단독주택,경기도 성남시 분당구 운중동 1050-13번지,경기도 성남시 분당구 판교원로153번길 4-12 (운중동)
202501,1,653,21,18986,1***,단독,12m미만,297.9700,268.5000,339000.0000,0.0000,2010,판교원로153번길,-,중개거래,경기도 성남시 분당구 운중동,4113511500,40725,10891100288287,247.9,221.61,단독주택,다가구주택(2가구),경기도 성남시 분당구 운중동 1046-2번지,경기도 성남시 분당구 판교원로153번길 9-4 (운중동)
202501,1,653,21,18986,1***,단독,12m미만,297.9700,268.5000,339000.0000,0.0000,2010,판교원로153번길,-,중개거래,경기도 성남시 분당구 운중동,4113511500,40725,10891100266399,231.9,298.34,단독주택,"주택,창고",경기도 성남시 분당구 운중동 1048-1번지,경기도 성남시 분당구 판교원로153번길 10-2 (운중동)
202501,1,653,21,18986,1***,단독,12m미만,297.9700,268.5000,339000.0000,0.0000,2010,판교원로153번길,-,중개거래,경기도 성남시 분당구 운중동,4113511500,40725,10891100213304,268.5,297.97,단독주택,단독주택,경기도 성남시 분당구 운중동 1047-5번지,경기도 성남시 분당구 판교원로153번길 10-9 (운중동)
202501,1,653,21,18986,1***,단독,12m미만,297.9700,268.5000,339000.0000,0.0000,2010,판교원로153번길,-,중개거래,경기도 성남시 분당구 운중동,4113511500,40725,10891100212612,231.3,243.39,단독주택,단독주택,경기도 성남시 분당구 운중동 1050-9번지,경기도 성남시 분당구 판교원로153번길 4-4 (운중동)
202501,1,653,21,18986,1***,단독,12m미만,297.9700,268.5000,339000.0000,0.0000,2010,판교원로153번길,-,중개거래,경기도 성남시 분당구 운중동,4113511500,40725,10891100216345,247.9,217.71,단독주택,단독주택(1가구),경기도 성남시 분당구 운중동 1049-2번지,경기도 성남시 분당구 판교원로153번길 9-5 (운중동)
202501,1,653,21,18986,1***,단독,12m미만,297.9700,268.5000,339000.0000,0.0000,2010,판교원로153번길,-,중개거래,경기도 성남시 분당구 운중동,4113511500,40725,10891100222567,231.3,299.75,단독주택,단독주택,경기도 성남시 분당구 운중동 1050-7번지,경기도 성남시 분당구 판교원로153번길 4 (운중동)
202501,1,653,21,18986,1***,단독,12m미만,297.9700,268.5000,339000.0000,0.0000,2010,판교원로153번길,-,중개거래,경기도 성남시 분당구 운중동,4113511500,40725,10891100228564,237.5,273.1,단독주택,단독주택,경기도 성남시 분당구 운중동 1048-7번지,경기도 성남시 분당구 판교원로153번길 6 (운중동)
202501,1,653,21,18986,1***,단독,12m미만,297.9700,268.5000,339000.0000,0.0000,2010,판교원로153번길,-,중개거래,경기도 성남시 분당구 운중동,4113511500,40725,10891100233951,238.9,227.64,단독주택,단독주택,경기도 성남시 분당구 운중동 1048번지,경기도 성남시 분당구 판교원로153번길 10 (운중동)
202501,1,653,21,18986,1***,단독,12m미만,297.9700,268.5000,339000.0000,0.0000,2010,판교원로153번길,-,중개거래,경기도 성남시 분당구 운중동,4113511500,40725,10891100233084,231.6,226.05,단독주택,단독주택(1가구),경기도 성남시 분당구 운중동 1047-2번지,경기도 성남시 분당구 판교원로153번길 10-3 (운중동)
202501,1,653,21,18986,1***,단독,12m미만,297.9700,268.5000,339000.0000,0.0000,2010,판교원로153번길,-,중개거래,경기도 성남시 분당구 운중동,4113511500,40725,10891100231059,231.5,184.83,단독주택,단독주택,경기도 성남시 분당구 운중동 1048-5번지,경기도 성남시 분당구 판교원로153번길 4-3 (운중동)
202501,1,653,21,18986,1***,단독,12m미만,297.9700,268.5000,339000.0000,0.0000,2010,판교원로153번길,-,중개거래,경기도 성남시 분당구 운중동,4113511500,40725,10891100230998,247.9,220.0,단독주택,단독주택,경기도 성남시 분당구 운중동 1046-3번지,경기도 성남시 분당구 판교원로153번길 9-2 (운중동)
202501,1,653,21,18986,1***,단독,12m미만,297.9700,268.5000,339000.0000,0.0000,2010,판교원로153번길,-,중개거래,경기도 성남시 분당구 운중동,4113511500,40725,10891100223522,247.9,254.24,단독주택,단독주택,경기도 성남시 분당구 운중동 1046-1번지,경기도 성남시 분당구 판교원로153번길 9-6 (운중동)
202501,1,653,21,18986,1***,단독,12m미만,297.9700,268.5000,339000.0000,0.0000,2010,판교원로153번길,-,중개거래,경기도 성남시 분당구 운중동,4113511500,40725,10891100228143,231.3,275.47,단독주택,단독주택,경기도 성남시 분당구 운중동 1050-10번지,경기도 성남시 분당구 판교원로153번길 4-6 (운중동)
202501,1,653,21,18986,1***,단독,12m미만,297.9700,268.5000,339000.0000,0.0000,2010,판교원로153번길,-,중개거래,경기도 성남시 분당구 운중동,4113511500,40725,10891100226505,248.0,282.63,단독주택,단독주택,경기도 성남시 분당구 운중동 1049-1번지,경기도 성남시 분당구 판교원로153번길 9-7 (운중동)
202501,1,653,21,18986,1***,단독,12m미만,297.9700,268.5000,339000.0000,0.0000,2010,판교원로153번길,-,중개거래,경기도 성남시 분당구 운중동,4113511500,40725,10891100224882,261.0,272.46,단독주택,단독주택,경기도 성남시 분당구 운중동 1049번지,경기도 성남시 분당구 판교원로153번길 9-9 (운중동)
