일련번호,관리_건축물대장_PK,전유_공용_구분_코드,주_부속_구분_코드,층_번호_명,구조_코드,기타_구조,주_용도_코드,기타_용도,면적
77428429,10891188334,1,0,15층,21,철근콘크리트조,02001,아파트,85.000000000
77428430,10891188334,2,0,지하층,21,철근콘크리트조,02005,지하대피소,7.557000000
77428431,10891188334,2,0,15층,21,철근콘크리트조,02001,복도.계단.현관,11.616000000
77428432,10891188334,1,1,1층,19,조적조,02005,경비실,0.092000000
77428433,10891188334,2,1,지하.1층,21,철근콘크리트조,02005,기계실,1.231000000
77428434,10891188334,2,1,1층.2층,21,철근콘크리트조,02006,노인정.관리실,0.406000000
77428435,10891188334,2,1,지하층,21,철근콘크리트조,02005,지하주차장,9.522000000
10349349,10891188335,1,0,11층,21,철근콘크리트조,02001,아파트,85.000000000
10349350,10891188335,2,0,지하층,21,철근콘크리트조,02005,지하대피소,7.557000000
10349351,10891188335,2,0,11층,21,철근콘크리트조,02001,복도.계단.현관,11.616000000
10349361,10891188335,1,1,1층,19,조적조,02005,경비실,0.092000000
10349362,10891188335,2,1,지하.1층,21,철근콘크리트조,02005,기계실,1.231000000
10349363,10891188335,2,1,1층.2층,21,철근콘크리트조,02006,노인정.관리실,0.406000000
10349364,10891188335,2,1,지하층,21,철근콘크리트조,02005,지하주차장,9.522000000
78374090,10891188336,1,0,12층,21,철근콘크리트조,02001,아파트,85.000000000
78374091,10891188336,2,0,지하층,21,철근콘크리트조,02005,지하대피소,7.557000000
78374092,10891188336,2,0,12층,21,철근콘크리트조,02001,복도.계단.현관,11.616000000
78374093,10891188336,1,1,1층,19,조적조,02005,경비실,0.092000000
78374094,10891188336,2,1,지하.1층,21,철근콘크리트조,02005,기계실,1.231000000
78374095,10891188336,2,1,1층.2층,21,철근콘크리트조,02006,노인정.관리실,0.406000000
78374096,10891188336,2,1,지하층,21,철근콘크리트조,02005,지하주차장,9.522000000
3954412,10891188337,1,0,12층,21,철근콘크리트조,02001,아파트,85.000000000
3954413,10891188337,2,0,지하층,21,철근콘크리트조,02005,지하대피소,7.557000000
3954414,10891188337,2,0,12층,21,철근콘크리트조,02001,복도.계단.현관,11.616000000
3954415,10891188337,1,1,1층,19,조적조,02005,경비실,0.092000000
3954416,10891188337,2,1,지하.1층,21,철근콘크리트조,02005,기계실,1.231000000
3954417,10891188337,2,1,1층.2층,21,철근콘크리트조,02006,노인정.관리실,0.406000000
3954418,10891188337,2,1,지하층,21,철근콘크리트조,02005,지하주차장,9.522000000
105301291,10891188338,1,0,12층,21,철근콘크리트조,02001,아파트,85.000000000
105301292,10891188338,2,0,지하층,21,철근콘크리트조,02005,지하대피소,7.557000000
105301293,10891188338,2,0,12층,21,철근콘크리트조,02001,복도.계단.현관,11.616000000
105301294,10891188338,1,1,1층,19,조적조,02005,경비실,0.092000000
105301295,10891188338,2,1,지하.1층,21,철근콘크리트조,02005,기계실,1.231000000
105301296,10891188338,2,1,1층.2층,21,철근콘크리트조,02006,노인정.관리실,0.406000000
105301297,10891188338,2,1,지하층,21,철근콘크리트조,02005,지하주차장,9.522000000
4440074,10891188339,1,0,12층,21,철근콘크리트조,02001,아파트,85.000000000
4440075,10891188339,2,0,지하층,21,철근콘크리트조,02005,지하대피소,7.557000000
4440076,10891188339,2,0,12층,21,철근콘크리트조,02001,복도.계단.현관,11.616000000
4440077,10891188339,1,1,1층,19,조적조,02005,경비실,0.092000000
4440078,10891188339,2,1,지하.1층,21,철근콘크리트조,02005,기계실,1.231000000
4440079,10891188339,2,1,1층.2층,21,철근콘크리트조,02006,노인정.관리실,0.406000000
4440080,10891188339,2,1,지하층,21,철근콘크리트조,02005,지하주차장,9.522000000
57436689,10891188340,1,0,12층,21,철근콘크리트조,02001,아파트,85.000000000
57436690,10891188340,2,0,지하층,21,철근콘크리트조,02005,지하대피소,7.557000000
57436691,10891188340,2,0,12층,21,철근콘크리트조,02001,복도.계단.현관,11.616000000
57436692,10891188340,1,1,1층,19,조적조,02005,경비실,0.092000000
57436693,10891188340,2,1,지하.1층,21,철근콘크리트조,02005,기계실,1.231000000
57436694,10891188340,2,1,1층.2층,21,철근콘크리트조,02006,노인정.관리실,0.406000000
57436695,10891188340,2,1,지하층,21,철근콘크리트조,02005,지하주차장,9.522000000
16739475,10891188341,1,0,12층,21,철근콘크리트조,02001,아파트,85.000000000
16739476,10891188341,2,0,지하층,21,철근콘크리트조,02005,지하대피소,7.557000000
16739477,10891188341,2,0,12층,21,철근콘크리트조,02001,복도.계단.현관,11.616000000
16739478,10891188341,1,1,1층,19,조적조,02005,경비실,0.092000000
16739479,10891188341,2,1,지하.1층,21,철근콘크리트조,02005,기계실,1.231000000
16739480,10891188341,2,1,1층.2층,21,철근콘크리트조,02006,노인정.관리실,0.406000000
16739481,10891188341,2,1,지하층,21,철근콘크리트조,02005,지하주차장,9.522000000
51887451,10891188342,1,0,13층,21,철근콘크리트조,02001,아파트,85.000000000
51887452,10891188342,2,0,지하층,21,철근콘크리트조,02005,지하대피소,7.557000000
51887453,10891188342,2,0,13층,21,철근콘크리트조,02001,복도.계단.현관,11.616000000
51887454,10891188342,1,1,1층,19,조적조,02005,경비실,0.092000000
51887455,10891188342,2,1,지하.1층,21,철근콘크리트조,02005,기계실,1.231000000
51887456,10891188342,2,1,1층.2층,21,철근콘크리트조,02006,노인정.관리실,0.406000000
51887457,10891188342,2,1,지하층,21,철근콘크리트조,02005,지하주차장,9.522000000
26439532,10891188343,1,0,13층,21,철근콘크리트조,02001,아파트,85.000000000
26439533,10891188343,2,0,지하층,21,철근콘크리트조,02005,지하대피소,7.557000000
26439534,10891188343,2,0,13층,21,철근콘크리트조,02001,복도.계단.현관,11.616000000
26439535,10891188343,1,1,1층,19,조적조,02005,경비실,0.092000000
26439536,10891188343,2,1,지하.1층,21,철근콘크리트조,02005,기계실,1.231000000
26439537,10891188343,2,1,1층.2층,21,철근콘크리트조,02006,노인정.관리실,0.406000000
26439538,10891188343,2,1,지하층,21,철근콘크리트조,02005,지하주차장,9.522000000
89940391,10891188344,1,0,13층,21,철근콘크리트조,02001,아파트,85.000000000
89940392,10891188344,2,0,지하층,21,철근콘크리트조,02005,지하대피소,7.557000000
89940393,10891188344,2,0,13층,21,철근콘크리트조,02001,복도.계단.현관,11.616000000
89940394,10891188344,1,1,1층,19,조적조,02005,경비실,0.092000000
89940395,10891188344,2,1,지하.1층,21,철근콘크리트조,02005,기계실,1.231000000
89940396,10891188344,2,1,1층.2층,21,철근콘크리트조,02006,노인정.관리실,0.406000000
89940397,10891188344,2,1,지하층,21,철근콘크리트조,02005,지하주차장,9.522000000
82212281,10891188345,1,0,13층,21,철근콘크리트조,02001,아파트,85.000000000
82212282,10891188345,2,0,지하층,21,철근콘크리트조,02005,지하대피소,7.557000000
82212283,10891188345,2,0,13층,21,철근콘크리트조,02001,복도.계단.현관,11.616000000
82212284,10891188345,1,1,1층,19,조적조,02005,경비실,0.092000000
82212285,10891188345,2,1,지하.1층,21,철근콘크리트조,02005,기계실,1.231000000
82212286,10891188345,2,1,1층.2층,21,철근콘크리트조,02006,노인정.관리실,0.406000000
82212287,10891188345,2,1,지하층,21,철근콘크리트조,02005,지하주차장,9.522000000
105726990,10891188346,1,0,14층,21,철근콘크리트조,02001,아파트,85.000000000
105726991,10891188346,2,0,지하층,21,철근콘크리트조,02005,지하대피소,7.557000000
105726992,10891188346,2,0,14층,21,철근콘크리트조,02001,복도.계단.현관,11.616000000
105726993,10891188346,1,1,1층,19,조적조,02005,경비실,0.092000000
105726994,10891188346,2,1,지하.1층,21,철근콘크리트조,02005,기계실,1.231000000
105726995,10891188346,2,1,1층.2층,21,철근콘크리트조,02006,노인정.관리실,0.406000000
105726996,10891188346,2,1,지하층,21,철근콘크리트조,02005,지하주차장,9.522000000
36567445,10891188347,2,0,14층,21,철근콘크리트조,02001,복도.계단.현관,11.616000000
36567446,10891188347,1,1,1층,19,조적조,02005,경비실,0.092000000
36567447,10891188347,2,1,지하.1층,21,철근콘크리트조,02005,기계실,1.231000000
36567448,10891188347,2,1,1층.2층,21,철근콘크리트조,02006,노인정.관리실,0.406000000
36567449,10891188347,2,1,지하층,21,철근콘크리트조,02005,지하주차장,9.522000000
36567450,10891188347,1,0,14층,21,철근콘크리트조,02001,아파트,85.000000000
36567451,10891188347,2,0,지하층,21,철근콘크리트조,02005,지하대피소,7.557000000
93565450,10891188348,1,0,14층,21,철근콘크리트조,02001,아파트,85.000000000
93565451,10891188348,2,0,지하층,21,철근콘크리트조,02005,지하대피소,7.557000000
93565452,10891188348,2,0,14층,21,철근콘크리트조,02001,복도.계단.현관,11.616000000
93565453,10891188348,1,1,1층,19,조적조,02005,경비실,0.092000000
93565454,10891188348,2,1,지하.1층,21,철근콘크리트조,02005,기계실,1.231000000
93565455,10891188348,2,1,1층.2층,21,철근콘크리트조,02006,노인정.관리실,0.406000000
93565456,10891188348,2,1,지하층,21,철근콘크리트조,02005,지하주차장,9.522000000
82208801,10891188349,1,0,14층,21,철근콘크리트조,02001,아파트,85.000000000
82208802,10891188349,2,0,지하층,21,철근콘크리트조,02005,지하대피소,7.557000000
82208803,10891188349,2,0,14층,21,철근콘크리트조,02001,복도.계단.현관,11.616000000
82208804,10891188349,1,1,1층,19,조적조,02005,경비실,0.092000000
82208805,10891188349,2,1,지하.1층,21,철근콘크리트조,02005,기계실,1.231000000
82208806,10891188349,2,1,1층.2층,21,철근콘크리트조,02006,노인정.관리실,0.406000000
82208807,10891188349,2,1,지하층,21,철근콘크리트조,02005,지하주차장,9.522000000
46592463,10891188350,1,0,15층,21,철근콘크리트조,02001,아파트,85.000000000
46592464,10891188350,2,0,지하층,21,철근콘크리트조,02005,지하대피소,7.557000000
46592465,10891188350,2,0,15층,21,철근콘크리트조,02001,복도.계단.현관,11.616000000
46592466,10891188350,1,1,1층,19,조적조,02005,경비실,0.092000000
46592467,10891188350,2,1,지하.1층,21,철근콘크리트조,02005,기계실,1.231000000
46592468,10891188350,2,1,1층.2층,21,철근콘크리트조,02006,노인정.관리실,0.406000000
46592469,10891188350,2,1,지하층,21,철근콘크리트조,02005,지하주차장,9.522000000
53093894,10891188351,1,0,15층,21,철근콘크리트조,02001,아파트,85.000000000
53093895,10891188351,2,0,지하층,21,철근콘크리트조,02005,지하대피소,7.557000000
53093896,10891188351,2,0,15층,21,철근콘크리트조,02001,복도.계단.현관,11.616000000
53093897,10891188351,1,1,1층,19,조적조,02005,경비실,0.092000000
53093898,10891188351,2,1,지하.1층,21,철근콘크리트조,02005,기계실,1.231000000
53093899,10891188351,2,1,1층.2층,21,철근콘크리트조,02006,노인정.관리실,0.406000000
53093900,10891188351,2,1,지하층,21,철근콘크리트조,02005,지하주차장,9.522000000
48306884,10891188352,1,0,15층,21,철근콘크리트조,02001,아파트,85.000000000
48306885,10891188352,2,0,지하층,21,철근콘크리트조,02005,지하대피소,7.557000000
48306886,10891188352,2,0,15층,21,철근콘크리트조,02001,복도.계단.현관,11.616000000
48306887,10891188352,1,1,1층,19,조적조,02005,경비실,0.092000000
48306888,10891188352,2,1,지하.1층,21,철근콘크리트조,02005,기계실,1.231000000
48306889,10891188352,2,1,1층.2층,21,철근콘크리트조,02006,노인정.관리실,0.406000000
48306890,10891188352,2,1,지하층,21,철근콘크리트조,02005,지하주차장,9.522000000
80005510,10891188353,1,0,15층,21,철근콘크리트조,02001,아파트,85.000000000
80005511,10891188353,2,0,지하층,21,철근콘크리트조,02005,지하대피소,7.557000000
80005512,10891188353,2,0,15층,21,철근콘크리트조,02001,복도.계단.현관,11.616000000
80005513,10891188353,1,1,1층,19,조적조,02005,경비실,0.092000000
80005514,10891188353,2,1,지하.1층,21,철근콘크리트조,02005,기계실,1.231000000
80005515,10891188353,2,1,1층.2층,21,철근콘크리트조,02006,노인정.관리실,0.406000000
80005516,10891188353,2,1,지하층,21,철근콘크리트조,02005,지하주차장,9.522000000
53738406,10891188354,1,1,1층,19,조적조,02005,경비실,0.092000000
53738407,10891188354,1,0,11층,21,철근콘크리트조,02001,아파트,85.000000000
53738408,10891188354,2,0,지하층,21,철근콘크리트조,02005,지하대피소,7.557000000
53738409,10891188354,2,0,11층,21,철근콘크리트조,02001,복도.계단.현관,11.616000000
53738410,10891188354,2,1,지하.1층,21,철근콘크리트조,02005,기계실,1.231000000
53738411,10891188354,2,1,1층.2층,21,철근콘크리트조,02006,노인정.관리실,0.406000000
53738412,10891188354,2,1,지하층,21,철근콘크리트조,02005,지하주차장,9.522000000
16379095,10891188355,1,0,7층,21,철근콘크리트조,02001,아파트,85.000000000
16379096,10891188355,2,0,지하층,21,철근콘크리트조,02005,지하대피소,7.557000000
16379097,10891188355,2,0,7층,21,철근콘크리트조,02001,복도.계단.현관,11.616000000
16379098,10891188355,1,1,1층,19,조적조,02005,경비실,0.092000000
16379099,10891188355,2,1,지하.1층,21,철근콘크리트조,02005,기계실,1.231000000
16379100,10891188355,2,1,1층.2층,21,철근콘크리트조,02006,노인정.관리실,0.406000000
16379101,10891188355,2,1,지하층,21,철근콘크리트조,02005,지하주차장,9.522000000
18085673,10891188356,1,0,7층,21,철근콘크리트조,02001,아파트,85.000000000
18085674,10891188356,2,0,지하층,21,철근콘크리트조,02005,지하대피소,7.557000000
18085675,10891188356,2,0,7층,21,철근콘크리트조,02001,복도.계단.현관,11.616000000
18085676,10891188356,1,1,1층,19,조적조,02005,경비실,0.092000000
18085677,10891188356,2,1,지하.1층,21,철근콘크리트조,02005,기계실,1.231000000
18085678,10891188356,2,1,1층.2층,21,철근콘크리트조,02006,노인정.관리실,0.406000000
18085679,10891188356,2,1,지하층,21,철근콘크리트조,02005,지하주차장,9.522000000
73837935,10891188357,1,0,8층,21,철근콘크리트조,02001,아파트,85.000000000
73837936,10891188357,2,0,지하층,21,철근콘크리트조,02005,지하대피소,7.557000000
73837937,10891188357,2,0,8층,21,철근콘크리트조,02001,복도.계단.현관,11.616000000
73837938,10891188357,1,1,1층,19,조적조,02005,경비실,0.092000000
73837939,10891188357,2,1,지하.1층,21,철근콘크리트조,02005,기계실,1.231000000
73837940,10891188357,2,1,1층.2층,21,철근콘크리트조,02006,노인정.관리실,0.406000000
73837941,10891188357,2,1,지하층,21,철근콘크리트조,02005,지하주차장,9.522000000
63901197,10891188358,1,0,8층,21,철근콘크리트조,02001,아파트,85.000000000
63901198,10891188358,2,0,지하층,21,철근콘크리트조,02005,지하대피소,7.557000000
63901199,10891188358,2,0,8층,21,철근콘크리트조,02001,복도.계단.현관,11.616000000
63901200,10891188358,1,1,1층,19,조적조,02005,경비실,0.092000000
63901201,10891188358,2,1,지하.1층,21,철근콘크리트조,02005,기계실,1.231000000
63901202,10891188358,2,1,1층.2층,21,철근콘크리트조,02006,노인정.관리실,0.406000000
63901203,10891188358,2,1,지하층,21,철근콘크리트조,02005,지하주차장,9.522000000
42810761,10891188359,1,0,8층,21,철근콘크리트조,02001,아파트,85.000000000
42810762,10891188359,2,0,지하층,21,철근콘크리트조,02005,지하대피소,7.557000000
42810763,10891188359,2,0,8층,21,철근콘크리트조,02001,복도.계단.현관,11.616000000
42810764,10891188359,1,1,1층,19,조적조,02005,경비실,0.092000000
42810765,10891188359,2,1,지하.1층,21,철근콘크리트조,02005,기계실,1.231000000
42810766,10891188359,2,1,1층.2층,21,철근콘크리트조,02006,노인정.관리실,0.406000000
42810767,10891188359,2,1,지하층,21,철근콘크리트조,02005,지하주차장,9.522000000
10410008,10891188360,2,0,8층,21,철근콘크리트조,02001,복도.계단.현관,11.616000000
10410009,10891188360,1,1,1층,19,조적조,02005,경비실,0.092000000
10410010,10891188360,2,1,지하.1층,21,철근콘크리트조,02005,기계실,1.231000000
10410011,10891188360,2,1,1층.2층,21,철근콘크리트조,02006,노인정.관리실,0.406000000
10410012,10891188360,2,1,지하층,21,철근콘크리트조,02005,지하주차장,9.522000000
10410013,10891188360,1,0,8층,21,철근콘크리트조,02001,아파트,85.000000000
10410014,10891188360,2,0,지하층,21,철근콘크리트조,02005,지하대피소,7.557000000
14235987,10891188361,1,0,8층,21,철근콘크리트조,02001,아파트,85.000000000
14235988,10891188361,2,0,지하층,21,철근콘크리트조,02005,지하대피소,7.557000000
14235989,10891188361,2,0,8층,21,철근콘크리트조,02001,복도.계단.현관,11.616000000
14235990,10891188361,1,1,1층,19,조적조,02005,경비실,0.092000000
14235991,10891188361,2,1,지하.1층,21,철근콘크리트조,02005,기계실,1.231000000
14235992,10891188361,2,1,1층.2층,21,철근콘크리트조,02006,노인정.관리실,0.406000000
14235993,10891188361,2,1,지하층,21,철근콘크리트조,02005,지하주차장,9.522000000
52927691,10891188362,1,0,9층,21,철근콘크리트조,02001,아파트,85.000000000
52927692,10891188362,2,0,지하층,21,철근콘크리트조,02005,지하대피소,7.557000000
52927693,10891188362,2,0,9층,21,철근콘크리트조,02001,복도.계단.현관,11.616000000
52927694,10891188362,1,1,1층,19,조적조,02005,경비실,0.092000000
52927695,10891188362,2,1,지하.1층,21,철근콘크리트조,02005,기계실,1.231000000
52927696,10891188362,2,1,1층.2층,21,철근콘크리트조,02006,노인정.관리실,0.406000000
52927697,10891188362,2,1,지하층,21,철근콘크리트조,02005,지하주차장,9.522000000
4362231,10891188363,1,0,9층,21,철근콘크리트조,02001,아파트,85.000000000
4362232,10891188363,2,0,지하층,21,철근콘크리트조,02005,지하대피소,7.557000000
4362233,10891188363,2,0,9층,21,철근콘크리트조,02001,복도.계단.현관,11.616000000
4362234,10891188363,1,1,1층,19,조적조,02005,경비실,0.092000000
4362235,10891188363,2,1,지하.1층,21,철근콘크리트조,02005,기계실,1.231000000
4362236,10891188363,2,1,1층.2층,21,철근콘크리트조,02006,노인정.관리실,0.406000000
4362237,10891188363,2,1,지하층,21,철근콘크리트조,02005,지하주차장,9.522000000
19844289,10891188364,1,0,9층,21,철근콘크리트조,02001,아파트,85.000000000
19844290,10891188364,2,0,지하층,21,철근콘크리트조,02005,지하대피소,7.557000000
19844291,10891188364,2,0,9층,21,철근콘크리트조,02001,복도.계단.현관,11.616000000
19844323,10891188364,1,1,1층,19,조적조,02005,경비실,0.092000000
19844324,10891188364,2,1,지하.1층,21,철근콘크리트조,02005,기계실,1.231000000
19844325,10891188364,2,1,1층.2층,21,철근콘크리트조,02006,노인정.관리실,0.406000000
19844326,10891188364,2,1,지하층,21,철근콘크리트조,02005,지하주차장,9.522000000
62123577,10891188365,1,0,9층,21,철근콘크리트조,02001,아파트,85.000000000
62123578,10891188365,2,0,지하층,21,철근콘크리트조,02005,지하대피소,7.557000000
62123579,10891188365,2,0,9층,21,철근콘크리트조,02001,복도.계단.현관,11.616000000
62123580,10891188365,1,1,1층,19,조적조,02005,경비실,0.092000000
62123581,10891188365,2,1,지하.1층,21,철근콘크리트조,02005,기계실,1.231000000
62123582,10891188365,2,1,1층.2층,21,철근콘크리트조,02006,노인정.관리실,0.406000000
62123583,10891188365,2,1,지하층,21,철근콘크리트조,02005,지하주차장,9.522000000
39753797,10891188366,1,0,10층,21,철근콘크리트조,02001,아파트,85.000000000
39753798,10891188366,2,0,지하층,21,철근콘크리트조,02005,지하대피소,7.557000000
39753799,10891188366,2,0,10층,21,철근콘크리트조,02001,복도.계단.현관,11.616000000
39753800,10891188366,1,1,1층,19,조적조,02005,경비실,0.092000000
39753801,10891188366,2,1,지하.1층,21,철근콘크리트조,02005,기계실,1.231000000
39753802,10891188366,2,1,1층.2층,21,철근콘크리트조,02006,노인정.관리실,0.406000000
39753803,10891188366,2,1,지하층,21,철근콘크리트조,02005,지하주차장,9.522000000
84164350,10891188367,1,0,10층,21,철근콘크리트조,02001,아파트,85.000000000
84164351,10891188367,2,0,지하층,21,철근콘크리트조,02005,지하대피소,7.557000000
84164352,10891188367,2,0,10층,21,철근콘크리트조,02001,복도.계단.현관,11.616000000
84164353,10891188367,1,1,1층,19,조적조,02005,경비실,0.092000000
84164354,10891188367,2,1,지하.1층,21,철근콘크리트조,02005,기계실,1.231000000
84164355,10891188367,2,1,1층.2층,21,철근콘크리트조,02006,노인정.관리실,0.406000000
84164356,10891188367,2,1,지하층,21,철근콘크리트조,02005,지하주차장,9.522000000
47103403,10891188368,1,0,10층,21,철근콘크리트조,02001,아파트,85.000000000
47103404,10891188368,2,0,지하층,21,철근콘크리트조,02005,지하대피소,7.557000000
47103405,10891188368,2,0,10층,21,철근콘크리트조,02001,복도.계단.현관,11.616000000
47103406,10891188368,1,1,1층,19,조적조,02005,경비실,0.092000000
47103407,10891188368,2,1,지하.1층,21,철근콘크리트조,02005,기계실,1.231000000
47103408,10891188368,2,1,1층.2층,21,철근콘크리트조,02006,노인정.관리실,0.406000000
47103409,10891188368,2,1,지하층,21,철근콘크리트조,02005,지하주차장,9.522000000
35387458,10891188369,1,0,10층,21,철근콘크리트조,02001,아파트,85.000000000
35387459,10891188369,2,0,지하층,21,철근콘크리트조,02005,지하대피소,7.557000000
35387460,10891188369,2,0,10층,21,철근콘크리트조,02001,복도.계단.현관,11.616000000
35387461,10891188369,1,1,1층,19,조적조,02005,경비실,0.092000000
35387462,10891188369,2,1,지하.1층,21,철근콘크리트조,02005,기계실,1.231000000
35387463,10891188369,2,1,1층.2층,21,철근콘크리트조,02006,노인정.관리실,0.406000000
35387464,10891188369,2,1,지하층,21,철근콘크리트조,02005,지하주차장,9.522000000
62290951,10891188370,1,0,11층,21,철근콘크리트조,02001,아파트,85.000000000
62290952,10891188370,2,0,지하층,21,철근콘크리트조,02005,지하대피소,7.557000000
62290953,10891188370,2,0,11층,21,철근콘크리트조,02001,복도.계단.현관,11.616000000
62290954,10891188370,1,1,1층,19,조적조,02005,경비실,0.092000000
62290955,10891188370,2,1,지하.1층,21,철근콘크리트조,02005,기계실,1.231000000
62290956,10891188370,2,1,1층.2층,21,철근콘크리트조,02006,노인정.관리실,0.406000000
62290957,10891188370,2,1,지하층,21,철근콘크리트조,02005,지하주차장,9.522000000
41455986,10891188371,1,0,11층,21,철근콘크리트조,02001,아파트,85.000000000
41455987,10891188371,2,0,지하층,21,철근콘크리트조,02005,지하대피소,7.557000000
41455988,10891188371,2,0,11층,21,철근콘크리트조,02001,복도.계단.현관,11.616000000
41455989,10891188371,1,1,1층,19,조적조,02005,경비실,0.092000000
41455990,10891188371,2,1,지하.1층,21,철근콘크리트조,02005,기계실,1.231000000
41455991,10891188371,2,1,1층.2층,21,철근콘크리트조,02006,노인정.관리실,0.406000000
41455992,10891188371,2,1,지하층,21,철근콘크리트조,02005,지하주차장,9.522000000
3991271,10891188372,1,0,11층,21,철근콘크리트조,02001,아파트,85.000000000
3991272,10891188372,2,0,지하층,21,철근콘크리트조,02005,지하대피소,7.557000000
3991273,10891188372,2,0,11층,21,철근콘크리트조,02001,복도.계단.현관,11.616000000
3991274,10891188372,1,1,1층,19,조적조,02005,경비실,0.092000000
3991275,10891188372,2,1,지하.1층,21,철근콘크리트조,02005,기계실,1.231000000
3991276,10891188372,2,1,1층.2층,21,철근콘크리트조,02006,노인정.관리실,0.406000000
3991277,10891188372,2,1,지하층,21,철근콘크리트조,02005,지하주차장,9.522000000
15465517,10891188373,2,0,7층,21,철근콘크리트조,02001,복도.계단.현관,11.616000000
15465518,10891188373,1,1,1층,19,조적조,02005,경비실,0.092000000
15465519,10891188373,2,1,지하.1층,21,철근콘크리트조,02005,기계실,1.231000000
15465520,10891188373,2,1,1층.2층,21,철근콘크리트조,02006,노인정.관리실,0.406000000
15465521,10891188373,2,1,지하층,21,철근콘크리트조,02005,지하주차장,9.522000000
15465522,10891188373,1,0,7층,21,철근콘크리트조,02001,아파트,85.000000000
15465523,10891188373,2,0,지하층,21,철근콘크리트조,02005,지하대피소,7.557000000
83747656,10891188374,1,0,3층,21,철근콘크리트조,02001,아파트,85.000000000
83747657,10891188374,2,0,지하층,21,철근콘크리트조,02005,지하대피소,7.557000000
83747658,10891188374,2,0,3층,21,철근콘크리트조,02001,복도.계단.현관,11.616000000
83747659,10891188374,1,1,1층,19,조적조,02005,경비실,0.092000000
83747660,10891188374,2,1,지하.1층,21,철근콘크리트조,02005,기계실,1.231000000
83767615,10891188374,2,1,1층.2층,21,철근콘크리트조,02006,노인정.관리실,0.406000000
83767616,10891188374,2,1,지하층,21,철근콘크리트조,02005,지하주차장,9.522000000
16223062,10891188375,1,0,3층,21,철근콘크리트조,02001,아파트,85.000000000
16223063,10891188375,2,0,지하층,21,철근콘크리트조,02005,지하대피소,7.557000000
16223064,10891188375,2,0,3층,21,철근콘크리트조,02001,복도.계단.현관,11.616000000
16223065,10891188375,1,1,1층,19,조적조,02005,경비실,0.092000000
16223066,10891188375,2,1,지하.1층,21,철근콘크리트조,02005,기계실,1.231000000
16223067,10891188375,2,1,1층.2층,21,철근콘크리트조,02006,노인정.관리실,0.406000000
16223068,10891188375,2,1,지하층,21,철근콘크리트조,02005,지하주차장,9.522000000
38917434,10891188376,1,0,3층,21,철근콘크리트조,02001,아파트,85.000000000
38917435,10891188376,2,0,지하층,21,철근콘크리트조,02005,지하대피소,7.557000000
38917436,10891188376,2,0,3층,21,철근콘크리트조,02001,복도.계단.현관,11.616000000
38917437,10891188376,1,1,1층,19,조적조,02005,경비실,0.092000000
38917438,10891188376,2,1,지하.1층,21,철근콘크리트조,02005,기계실,1.231000000
38917439,10891188376,2,1,1층.2층,21,철근콘크리트조,02006,노인정.관리실,0.406000000
38917440,10891188376,2,1,지하층,21,철근콘크리트조,02005,지하주차장,9.522000000
24541484,10891188377,1,0,3층,21,철근콘크리트조,02001,아파트,85.000000000
24541485,10891188377,2,0,지하층,21,철근콘크리트조,02005,지하대피소,7.557000000
24541486,10891188377,2,0,3층,21,철근콘크리트조,02001,복도.계단.현관,11.616000000
24541487,10891188377,1,1,1층,19,조적조,02005,경비실,0.092000000
24541488,10891188377,2,1,지하.1층,21,철근콘크리트조,02005,기계실,1.231000000
24541489,10891188377,2,1,1층.2층,21,철근콘크리트조,02006,노인정.관리실,0.406000000
24541490,10891188377,2,1,지하층,21,철근콘크리트조,02005,지하주차장,9.522000000
65897338,10891188378,1,0,3층,21,철근콘크리트조,02001,아파트,85.000000000
65897339,10891188378,2,0,지하층,21,철근콘크리트조,02005,지하대피소,7.557000000
65897340,10891188378,2,0,3층,21,철근콘크리트조,02001,복도.계단.현관,11.616000000
65897341,10891188378,1,1,1층,19,조적조,02005,경비실,0.092000000
65897342,10891188378,2,1,지하.1층,21,철근콘크리트조,02005,기계실,1.231000000
65897343,10891188378,2,1,1층.2층,21,철근콘크리트조,02006,노인정.관리실,0.406000000
65897344,10891188378,2,1,지하층,21,철근콘크리트조,02005,지하주차장,9.522000000
61738190,10891188379,1,0,4층,21,철근콘크리트조,02001,아파트,85.000000000
61738191,10891188379,2,0,지하층,21,철근콘크리트조,02005,지하대피소,7.557000000
61738192,10891188379,2,0,4층,21,철근콘크리트조,02001,복도.계단.현관,11.616000000
61738193,10891188379,1,1,1층,19,조적조,02005,경비실,0.092000000
61738194,10891188379,2,1,지하.1층,21,철근콘크리트조,02005,기계실,1.231000000
61738195,10891188379,2,1,1층.2층,21,철근콘크리트조,02006,노인정.관리실,0.406000000
61738196,10891188379,2,1,지하층,21,철근콘크리트조,02005,지하주차장,9.522000000
71085335,10891188380,1,0,4층,21,철근콘크리트조,02001,아파트,85.000000000
71085336,10891188380,2,0,지하층,21,철근콘크리트조,02005,지하대피소,7.557000000
71085337,10891188380,2,0,4층,21,철근콘크리트조,02001,복도.계단.현관,11.616000000
71085338,10891188380,1,1,1층,19,조적조,02005,경비실,0.092000000
71085339,10891188380,2,1,지하.1층,21,철근콘크리트조,02005,기계실,1.231000000
71085340,10891188380,2,1,1층.2층,21,철근콘크리트조,02006,노인정.관리실,0.406000000
71085341,10891188380,2,1,지하층,21,철근콘크리트조,02005,지하주차장,9.522000000
63253749,10891188381,1,0,4층,21,철근콘크리트조,02001,아파트,85.000000000
63253750,10891188381,2,0,지하층,21,철근콘크리트조,02005,지하대피소,7.557000000
63253751,10891188381,2,0,4층,21,철근콘크리트조,02001,복도.계단.현관,11.616000000
63253752,10891188381,1,1,1층,19,조적조,02005,경비실,0.092000000
63253753,10891188381,2,1,지하.1층,21,철근콘크리트조,02005,기계실,1.231000000
63253754,10891188381,2,1,1층.2층,21,철근콘크리트조,02006,노인정.관리실,0.406000000
63253755,10891188381,2,1,지하층,21,철근콘크리트조,02005,지하주차장,9.522000000
107730198,10891188382,1,0,4층,21,철근콘크리트조,02001,아파트,85.000000000
107730199,10891188382,2,0,지하층,21,철근콘크리트조,02005,지하대피소,7.557000000
107730200,10891188382,2,0,4층,21,철근콘크리트조,02001,복도.계단.현관,11.616000000
107730201,10891188382,1,1,1층,19,조적조,02005,경비실,0.092000000
107730202,10891188382,2,1,지하.1층,21,철근콘크리트조,02005,기계실,1.231000000
107730203,10891188382,2,1,1층.2층,21,철근콘크리트조,02006,노인정.관리실,0.406000000
107730204,10891188382,2,1,지하층,21,철근콘크리트조,02005,지하주차장,9.522000000
60512541,10891188383,1,0,5층,21,철근콘크리트조,02001,아파트,85.000000000
60512542,10891188383,2,0,지하층,21,철근콘크리트조,02005,지하대피소,7.557000000
60512543,10891188383,2,0,5층,21,철근콘크리트조,02001,복도.계단.현관,11.616000000
60512544,10891188383,1,1,1층,19,조적조,02005,경비실,0.092000000
60512545,10891188383,2,1,지하.1층,21,철근콘크리트조,02005,기계실,1.231000000
60512546,10891188383,2,1,1층.2층,21,철근콘크리트조,02006,노인정.관리실,0.406000000
60512547,10891188383,2,1,지하층,21,철근콘크리트조,02005,지하주차장,9.522000000
80167572,10891188384,1,0,5층,21,철근콘크리트조,02001,아파트,85.000000000
80167573,10891188384,2,0,지하층,21,철근콘크리트조,02005,지하대피소,7.557000000
80167574,10891188384,2,0,5층,21,철근콘크리트조,02001,복도.계단.현관,11.616000000
80167575,10891188384,1,1,1층,19,조적조,02005,경비실,0.092000000
80167576,10891188384,2,1,지하.1층,21,철근콘크리트조,02005,기계실,1.231000000
80167577,10891188384,2,1,1층.2층,21,철근콘크리트조,02006,노인정.관리실,0.406000000
80167578,10891188384,2,1,지하층,21,철근콘크리트조,02005,지하주차장,9.522000000
56726147,10891188385,1,0,5층,21,철근콘크리트조,02001,아파트,85.000000000
56726148,10891188385,2,0,지하층,21,철근콘크리트조,02005,지하대피소,7.557000000
56726149,10891188385,2,0,5층,21,철근콘크리트조,02001,복도.계단.현관,11.616000000
56726150,10891188385,1,1,1층,19,조적조,02005,경비실,0.092000000
56726151,10891188385,2,1,지하.1층,21,철근콘크리트조,02005,기계실,1.231000000
56726152,10891188385,2,1,1층.2층,21,철근콘크리트조,02006,노인정.관리실,0.406000000
56726153,10891188385,2,1,지하층,21,철근콘크리트조,02005,지하주차장,9.522000000
32824857,10891188386,1,0,5층,21,철근콘크리트조,02001,아파트,85.000000000
32824858,10891188386,2,0,지하층,21,철근콘크리트조,02005,지하대피소,7.557000000
32824859,10891188386,2,0,5층,21,철근콘크리트조,02001,복도.계단.현관,11.616000000
32824860,10891188386,1,1,1층,19,조적조,02005,경비실,0.092000000
32824861,10891188386,2,1,지하.1층,21,철근콘크리트조,02005,기계실,1.231000000
32824862,10891188386,2,1,1층.2층,21,철근콘크리트조,02006,노인정.관리실,0.406000000
32824863,10891188386,2,1,지하층,21,철근콘크리트조,02005,지하주차장,9.522000000
111058882,10891188387,1,0,6층,21,철근콘크리트조,02001,아파트,85.000000000
111058883,10891188387,2,0,지하층,21,철근콘크리트조,02005,지하대피소,7.557000000
111058884,10891188387,2,0,6층,21,철근콘크리트조,02001,복도.계단.현관,11.616000000
111058885,10891188387,1,1,1층,19,조적조,02005,경비실,0.092000000
111058886,10891188387,2,1,지하.1층,21,철근콘크리트조,02005,기계실,1.231000000
111058887,10891188387,2,1,1층.2층,21,철근콘크리트조,02006,노인정.관리실,0.406000000
111058888,10891188387,2,1,지하층,21,철근콘크리트조,02005,지하주차장,9.522000000
74679682,10891188388,1,0,6층,21,철근콘크리트조,02001,아파트,85.000000000
74679683,10891188388,2,0,지하층,21,철근콘크리트조,02005,지하대피소,7.557000000
74679684,10891188388,2,0,6층,21,철근콘크리트조,02001,복도.계단.현관,11.616000000
74679685,10891188388,1,1,1층,19,조적조,02005,경비실,0.092000000
74679686,10891188388,2,1,지하.1층,21,철근콘크리트조,02005,기계실,1.231000000
74679687,10891188388,2,1,1층.2층,21,철근콘크리트조,02006,노인정.관리실,0.406000000
74679688,10891188388,2,1,지하층,21,철근콘크리트조,02005,지하주차장,9.522000000
39095175,10891188389,1,0,6층,21,철근콘크리트조,02001,아파트,85.000000000
39095176,10891188389,2,0,지하층,21,철근콘크리트조,02005,지하대피소,7.557000000
39095177,10891188389,2,0,6층,21,철근콘크리트조,02001,복도.계단.현관,11.616000000
39095178,10891188389,1,1,1층,19,조적조,02005,경비실,0.092000000
39095179,10891188389,2,1,지하.1층,21,철근콘크리트조,02005,기계실,1.231000000
39095180,10891188389,2,1,1층.2층,21,철근콘크리트조,02006,노인정.관리실,0.406000000
39095181,10891188389,2,1,지하층,21,철근콘크리트조,02005,지하주차장,9.522000000
49467851,10891188390,1,0,6층,21,철근콘크리트조,02001,아파트,85.000000000
49467852,10891188390,2,0,지하층,21,철근콘크리트조,02005,지하대피소,7.557000000
49467853,10891188390,2,0,6층,21,철근콘크리트조,02001,복도.계단.현관,11.616000000
49467854,10891188390,1,1,1층,19,조적조,02005,경비실,0.092000000
49467855,10891188390,2,1,지하.1층,21,철근콘크리트조,02005,기계실,1.231000000
49467856,10891188390,2,1,1층.2층,21,철근콘크리트조,02006,노인정.관리실,0.406000000
49467857,10891188390,2,1,지하층,21,철근콘크리트조,02005,지하주차장,9.522000000
94074601,10891188391,1,0,7층,21,철근콘크리트조,02001,아파트,85.000000000
94074602,10891188391,2,0,지하층,21,철근콘크리트조,02005,지하대피소,7.557000000
94074603,10891188391,2,0,7층,21,철근콘크리트조,02001,복도.계단.현관,11.616000000
94074604,10891188391,1,1,1층,19,조적조,02005,경비실,0.092000000
94074605,10891188391,2,1,지하.1층,21,철근콘크리트조,02005,기계실,1.231000000
94074606,10891188391,2,1,1층.2층,21,철근콘크리트조,02006,노인정.관리실,0.406000000
94074607,10891188391,2,1,지하층,21,철근콘크리트조,02005,지하주차장,9.522000000
3427372,10891188392,1,0,7층,21,철근콘크리트조,02001,아파트,85.000000000
3427373,10891188392,2,0,지하층,21,철근콘크리트조,02005,지하대피소,7.557000000
3427374,10891188392,2,0,7층,21,철근콘크리트조,02001,복도.계단.현관,11.616000000
3427375,10891188392,1,1,1층,19,조적조,02005,경비실,0.092000000
3427376,10891188392,2,1,지하.1층,21,철근콘크리트조,02005,기계실,1.231000000
3427377,10891188392,2,1,1층.2층,21,철근콘크리트조,02006,노인정.관리실,0.406000000
3427378,10891188392,2,1,지하층,21,철근콘크리트조,02005,지하주차장,9.522000000
103440517,10891188393,1,0,3층,21,철근콘크리트조,02001,아파트,85.000000000
103440518,10891188393,2,0,지하층,21,철근콘크리트조,02005,지하대피소,7.557000000
103440519,10891188393,2,0,3층,21,철근콘크리트조,02001,복도.계단.현관,11.616000000
103440520,10891188393,1,1,1층,19,조적조,02005,경비실,0.092000000
103440521,10891188393,2,1,지하.1층,21,철근콘크리트조,02005,기계실,1.231000000
103440522,10891188393,2,1,1층.2층,21,철근콘크리트조,02006,노인정.관리실,0.406000000
103440523,10891188393,2,1,지하층,21,철근콘크리트조,02005,지하주차장,9.522000000
38679257,10891188394,1,0,1층,21,철근콘크리트조,02001,아파트,85.000000000
38679258,10891188394,2,0,지하층,21,철근콘크리트조,02005,지하대피소,7.557000000
38679259,10891188394,2,0,1층,21,철근콘크리트조,02001,복도.계단.현관,11.616000000
38679260,10891188394,1,1,1층,19,조적조,02005,경비실,0.092000000
38679261,10891188394,2,1,지하.1층,21,철근콘크리트조,02005,기계실,1.231000000
38679262,10891188394,2,1,1층.2층,21,철근콘크리트조,02006,노인정.관리실,0.406000000
38679263,10891188394,2,1,지하층,21,철근콘크리트조,02005,지하주차장,9.522000000
69795191,10891188395,1,0,1층,21,철근콘크리트조,02001,아파트,85.000000000
69795192,10891188395,2,0,지하층,21,철근콘크리트조,02005,지하대피소,7.557000000
69795193,10891188395,2,0,1층,21,철근콘크리트조,02001,복도.계단.현관,11.616000000
69795194,10891188395,1,1,1층,19,조적조,02005,경비실,0.092000000
69795195,10891188395,2,1,지하.1층,21,철근콘크리트조,02005,기계실,1.231000000
69795196,10891188395,2,1,1층.2층,21,철근콘크리트조,02006,노인정.관리실,0.406000000
69795197,10891188395,2,1,지하층,21,철근콘크리트조,02005,지하주차장,9.522000000
18115983,10891188396,1,0,1층,21,철근콘크리트조,02001,아파트,85.000000000
18115984,10891188396,2,0,지하층,21,철근콘크리트조,02005,지하대피소,7.557000000
18115985,10891188396,2,0,1층,21,철근콘크리트조,02001,복도.계단.현관,11.616000000
18115986,10891188396,1,1,1층,19,조적조,02005,경비실,0.092000000
18115987,10891188396,2,1,지하.1층,21,철근콘크리트조,02005,기계실,1.231000000
18115988,10891188396,2,1,1층.2층,21,철근콘크리트조,02006,노인정.관리실,0.406000000
18115989,10891188396,2,1,지하층,21,철근콘크리트조,02005,지하주차장,9.522000000
88162677,10891188397,1,0,1층,21,철근콘크리트조,02001,아파트,85.000000000
88162678,10891188397,2,0,지하층,21,철근콘크리트조,02005,지하대피소,7.557000000
88162679,10891188397,2,0,1층,21,철근콘크리트조,02001,복도.계단.현관,11.616000000
88162680,10891188397,1,1,1층,19,조적조,02005,경비실,0.092000000
88162681,10891188397,2,1,지하.1층,21,철근콘크리트조,02005,기계실,1.231000000
88162682,10891188397,2,1,1층.2층,21,철근콘크리트조,02006,노인정.관리실,0.406000000
88162683,10891188397,2,1,지하층,21,철근콘크리트조,02005,지하주차장,9.522000000
88618724,10891188398,1,0,2층,21,철근콘크리트조,02001,아파트,85.000000000
88618725,10891188398,2,0,지하층,21,철근콘크리트조,02005,지하대피소,7.557000000
88618726,10891188398,2,0,2층,21,철근콘크리트조,02001,복도.계단.현관,11.616000000
88618727,10891188398,1,1,1층,19,조적조,02005,경비실,0.092000000
88618728,10891188398,2,1,지하.1층,21,철근콘크리트조,02005,기계실,1.231000000
88618729,10891188398,2,1,1층.2층,21,철근콘크리트조,02006,노인정.관리실,0.406000000
88618730,10891188398,2,1,지하층,21,철근콘크리트조,02005,지하주차장,9.522000000
4050849,10891188399,1,0,2층,21,철근콘크리트조,02001,아파트,85.000000000
4050850,10891188399,2,0,지하층,21,철근콘크리트조,02005,지하대피소,7.557000000
4050851,10891188399,2,0,2층,21,철근콘크리트조,02001,복도.계단.현관,11.616000000
4050852,10891188399,1,1,1층,19,조적조,02005,경비실,0.092000000
4050853,10891188399,2,1,지하.1층,21,철근콘크리트조,02005,기계실,1.231000000
4050854,10891188399,2,1,1층.2층,21,철근콘크리트조,02006,노인정.관리실,0.406000000
4050855,10891188399,2,1,지하층,21,철근콘크리트조,02005,지하주차장,9.522000000
72914524,10891188400,1,0,2층,21,철근콘크리트조,02001,아파트,85.000000000
72914525,10891188400,2,0,지하층,21,철근콘크리트조,02005,지하대피소,7.557000000
72914526,10891188400,2,0,2층,21,철근콘크리트조,02001,복도.계단.현관,11.616000000
72914527,10891188400,1,1,1층,19,조적조,02005,경비실,0.092000000
72914528,10891188400,2,1,지하.1층,21,철근콘크리트조,02005,기계실,1.231000000
72914529,10891188400,2,1,1층.2층,21,철근콘크리트조,02006,노인정.관리실,0.406000000
72914530,10891188400,2,1,지하층,21,철근콘크리트조,02005,지하주차장,9.522000000
92453693,10891188401,1,0,1층,21,철근콘크리트조,02001,아파트,85.000000000
92453694,10891188401,2,0,지하층,21,철근콘크리트조,02005,지하대피소,7.557000000
92453695,10891188401,2,0,1층,21,철근콘크리트조,02001,복도.계단.현관,11.616000000
92453696,10891188401,1,1,1층,19,조적조,02005,경비실,0.092000000
92453697,10891188401,2,1,지하.1층,21,철근콘크리트조,02005,기계실,1.231000000
92453698,10891188401,2,1,1층.2층,21,철근콘크리트조,02006,노인정.관리실,0.406000000
92453699,10891188401,2,1,지하층,21,철근콘크리트조,02005,지하주차장,9.522000000
92976677,10891188402,2,1,지하층,21,철근콘크리트조,02005,지하주차장,9.522000000
92976678,10891188402,1,0,1층,21,철근콘크리트조,02001,아파트,85.000000000
92976679,10891188402,2,0,지하층,21,철근콘크리트조,02005,지하대피소,7.557000000
92976680,10891188402,2,0,1층,21,철근콘크리트조,02001,복도.계단.현관,11.616000000
92976681,10891188402,1,1,1층,19,조적조,02005,경비실,0.092000000
92976682,10891188402,2,1,지하.1층,21,철근콘크리트조,02005,기계실,1.231000000
92976683,10891188402,2,1,1층.2층,21,철근콘크리트조,02006,노인정.관리실,0.406000000
7616651,10891188403,1,0,2층,21,철근콘크리트조,02001,아파트,85.000000000
7616652,10891188403,2,0,지하층,21,철근콘크리트조,02005,지하대피소,7.557000000
7616653,10891188403,2,0,2층,21,철근콘크리트조,02001,복도.계단.현관,11.616000000
7616654,10891188403,1,1,1층,19,조적조,02005,경비실,0.092000000
7616655,10891188403,2,1,지하.1층,21,철근콘크리트조,02005,기계실,1.231000000
7616656,10891188403,2,1,1층.2층,21,철근콘크리트조,02006,노인정.관리실,0.406000000
7616657,10891188403,2,1,지하층,21,철근콘크리트조,02005,지하주차장,9.522000000
10831100,10891188404,1,0,2층,21,철근콘크리트조,02001,아파트,85.000000000
10831101,10891188404,2,0,지하층,21,철근콘크리트조,02005,지하대피소,7.557000000
10831102,10891188404,2,0,2층,21,철근콘크리트조,02001,복도.계단.현관,11.616000000
10831103,10891188404,1,1,1층,19,조적조,02005,경비실,0.092000000
10831104,10891188404,2,1,지하.1층,21,철근콘크리트조,02005,기계실,1.231000000
10831105,10891188404,2,1,1층.2층,21,철근콘크리트조,02006,노인정.관리실,0.406000000
10831106,10891188404,2,1,지하층,21,철근콘크리트조,02005,지하주차장,9.522000000
83838123,10891188405,1,0,4층,21,철근콘크리트조,02001,아파트,85.000000000
83838124,10891188405,2,0,지하층,21,철근콘크리트조,02005,지하대피소,7.557000000
83838125,10891188405,2,0,4층,21,철근콘크리트조,02001,복도.계단.현관,11.616000000
83838126,10891188405,1,1,1층,19,조적조,02005,경비실,0.092000000
83838127,10891188405,2,1,지하.1층,21,철근콘크리트조,02005,기계실,1.231000000
83838128,10891188405,2,1,1층.2층,21,철근콘크리트조,02006,노인정.관리실,0.406000000
83838129,10891188405,2,1,지하층,21,철근콘크리트조,02005,지하주차장,9.522000000
47635990,10891188406,1,0,4층,21,철근콘크리트조,02001,아파트,85.000000000
47635991,10891188406,2,0,지하층,21,철근콘크리트조,02005,지하대피소,7.557000000
47635992,10891188406,2,0,4층,21,철근콘크리트조,02001,복도.계단.현관,11.616000000
47635993,10891188406,1,1,1층,19,조적조,02005,경비실,0.092000000
47635994,10891188406,2,1,지하.1층,21,철근콘크리트조,02005,기계실,1.231000000
47635995,10891188406,2,1,1층.2층,21,철근콘크리트조,02006,노인정.관리실,0.406000000
47635996,10891188406,2,1,지하층,21,철근콘크리트조,02005,지하주차장,9.522000000
89359980,10891188407,1,0,5층,21,철근콘크리트조,02001,아파트,85.000000000
89359981,10891188407,2,0,지하층,21,철근콘크리트조,02005,지하대피소,7.557000000
89359982,10891188407,2,0,5층,21,철근콘크리트조,02001,복도.계단.현관,11.616000000
89359983,10891188407,1,1,1층,19,조적조,02005,경비실,0.092000000
89359984,10891188407,2,1,지하.1층,21,철근콘크리트조,02005,기계실,1.231000000
89359985,10891188407,2,1,1층.2층,21,철근콘크리트조,02006,노인정.관리실,0.406000000
89359986,10891188407,2,1,지하층,21,철근콘크리트조,02005,지하주차장,9.522000000
101140787,10891188408,1,0,5층,21,철근콘크리트조,02001,아파트,85.000000000
101140788,10891188408,2,0,지하층,21,철근콘크리트조,02005,지하대피소,7.557000000
101140789,10891188408,2,0,5층,21,철근콘크리트조,02001,복도.계단.현관,11.616000000
101140790,10891188408,1,1,1층,19,조적조,02005,경비실,0.092000000
101140791,10891188408,2,1,지하.1층,21,철근콘크리트조,02005,기계실,1.231000000
101140792,10891188408,2,1,1층.2층,21,철근콘크리트조,02006,노인정.관리실,0.406000000
101140793,10891188408,2,1,지하층,21,철근콘크리트조,02005,지하주차장,9.522000000
96438289,10891188409,1,0,6층,21,철근콘크리트조,02001,아파트,85.000000000
96438290,10891188409,2,0,지하층,21,철근콘크리트조,02005,지하대피소,7.557000000
96438291,10891188409,2,0,6층,21,철근콘크리트조,02001,복도.계단.현관,11.616000000
96438292,10891188409,1,1,1층,19,조적조,02005,경비실,0.092000000
96438293,10891188409,2,1,지하.1층,21,철근콘크리트조,02005,기계실,1.231000000
96438294,10891188409,2,1,1층.2층,21,철근콘크리트조,02006,노인정.관리실,0.406000000
96438295,10891188409,2,1,지하층,21,철근콘크리트조,02005,지하주차장,9.522000000
38497748,10891188410,1,0,6층,21,철근콘크리트조,02001,아파트,85.000000000
38497749,10891188410,2,0,지하층,21,철근콘크리트조,02005,지하대피소,7.557000000
38497750,10891188410,2,0,6층,21,철근콘크리트조,02001,복도.계단.현관,11.616000000
38497751,10891188410,1,1,1층,19,조적조,02005,경비실,0.092000000
38497752,10891188410,2,1,지하.1층,21,철근콘크리트조,02005,기계실,1.231000000
38497753,10891188410,2,1,1층.2층,21,철근콘크리트조,02006,노인정.관리실,0.406000000
38497754,10891188410,2,1,지하층,21,철근콘크리트조,02005,지하주차장,9.522000000
72020627,10891188411,1,0,8층,21,철근콘크리트조,02001,아파트,85.000000000
72020628,10891188411,2,0,지하층,21,철근콘크리트조,02005,지하대피소,7.557000000
72020629,10891188411,2,0,8층,21,철근콘크리트조,02001,복도.계단.현관,11.616000000
72020630,10891188411,1,1,1층,19,조적조,02005,경비실,0.092000000
72020631,10891188411,2,1,지하.1층,21,철근콘크리트조,02005,기계실,1.231000000
72020632,10891188411,2,1,1층.2층,21,철근콘크리트조,02006,노인정.관리실,0.406000000
72020633,10891188411,2,1,지하층,21,철근콘크리트조,02005,지하주차장,9.522000000
4249361,10891188412,2,0,9층,21,철근콘크리트조,02001,복도.계단.현관,11.616000000
4249362,10891188412,1,1,1층,19,조적조,02005,경비실,0.092000000
4249363,10891188412,2,1,지하.1층,21,철근콘크리트조,02005,기계실,1.231000000
4249364,10891188412,2,1,1층.2층,21,철근콘크리트조,02006,노인정.관리실,0.406000000
4249365,10891188412,2,1,지하층,21,철근콘크리트조,02005,지하주차장,9.522000000
4249366,10891188412,1,0,9층,21,철근콘크리트조,02001,아파트,85.000000000
4249367,10891188412,2,0,지하층,21,철근콘크리트조,02005,지하대피소,7.557000000
4047478,10891188413,1,0,9층,21,철근콘크리트조,02001,아파트,85.000000000
4047479,10891188413,2,0,지하층,21,철근콘크리트조,02005,지하대피소,7.557000000
4047480,10891188413,2,0,9층,21,철근콘크리트조,02001,복도.계단.현관,11.616000000
4047481,10891188413,1,1,1층,19,조적조,02005,경비실,0.092000000
4047482,10891188413,2,1,지하.1층,21,철근콘크리트조,02005,기계실,1.231000000
4047483,10891188413,2,1,1층.2층,21,철근콘크리트조,02006,노인정.관리실,0.406000000
4047484,10891188413,2,1,지하층,21,철근콘크리트조,02005,지하주차장,9.522000000
51406588,10891188414,1,0,10층,21,철근콘크리트조,02001,아파트,85.000000000
51406589,10891188414,2,0,지하층,21,철근콘크리트조,02005,지하대피소,7.557000000
51406590,10891188414,2,0,10층,21,철근콘크리트조,02001,복도.계단.현관,11.616000000
51406591,10891188414,1,1,1층,19,조적조,02005,경비실,0.092000000
51406592,10891188414,2,1,지하.1층,21,철근콘크리트조,02005,기계실,1.231000000
51406593,10891188414,2,1,1층.2층,21,철근콘크리트조,02006,노인정.관리실,0.406000000
51406594,10891188414,2,1,지하층,21,철근콘크리트조,02005,지하주차장,9.522000000
93843300,10891188415,1,0,10층,21,철근콘크리트조,02001,아파트,85.000000000
93843301,10891188415,2,0,지하층,21,철근콘크리트조,02005,지하대피소,7.557000000
93843302,10891188415,2,0,10층,21,철근콘크리트조,02001,복도.계단.현관,11.616000000
93843303,10891188415,1,1,1층,19,조적조,02005,경비실,0.092000000
93843304,10891188415,2,1,지하.1층,21,철근콘크리트조,02005,기계실,1.231000000
93843305,10891188415,2,1,1층.2층,21,철근콘크리트조,02006,노인정.관리실,0.406000000
93843306,10891188415,2,1,지하층,21,철근콘크리트조,02005,지하주차장,9.522000000
62211571,10891188416,1,0,11층,21,철근콘크리트조,02001,아파트,85.000000000
62211572,10891188416,2,0,지하층,21,철근콘크리트조,02005,지하대피소,7.557000000
62211573,10891188416,2,0,11층,21,철근콘크리트조,02001,복도.계단.현관,11.616000000
62211574,10891188416,1,1,1층,19,조적조,02005,경비실,0.092000000
62211575,10891188416,2,1,지하.1층,21,철근콘크리트조,02005,기계실,1.231000000
62211576,10891188416,2,1,1층.2층,21,철근콘크리트조,02006,노인정.관리실,0.406000000
62211577,10891188416,2,1,지하층,21,철근콘크리트조,02005,지하주차장,9.522000000
4220057,10891188417,1,0,13층,21,철근콘크리트조,02001,아파트,85.000000000
4220058,10891188417,2,0,지하층,21,철근콘크리트조,02005,지하대피소,7.557000000
4220059,10891188417,2,0,13층,21,철근콘크리트조,02001,복도.계단.현관,11.616000000
4220060,10891188417,1,1,1층,19,조적조,02005,경비실,0.092000000
4220061,10891188417,2,1,지하.1층,21,철근콘크리트조,02005,기계실,1.231000000
4220062,10891188417,2,1,1층.2층,21,철근콘크리트조,02006,노인정.관리실,0.406000000
4220063,10891188417,2,1,지하층,21,철근콘크리트조,02005,지하주차장,9.522000000
11865453,10891188418,1,0,13층,21,철근콘크리트조,02001,아파트,85.000000000
11865454,10891188418,2,0,지하층,21,철근콘크리트조,02005,지하대피소,7.557000000
11865455,10891188418,2,0,13층,21,철근콘크리트조,02001,복도.계단.현관,11.616000000
11865456,10891188418,1,1,1층,19,조적조,02005,경비실,0.092000000
11865457,10891188418,2,1,지하.1층,21,철근콘크리트조,02005,기계실,1.231000000
11865458,10891188418,2,1,1층.2층,21,철근콘크리트조,02006,노인정.관리실,0.406000000
11865459,10891188418,2,1,지하층,21,철근콘크리트조,02005,지하주차장,9.522000000
72489673,10891188419,1,0,14층,21,철근콘크리트조,02001,아파트,85.000000000
72489674,10891188419,2,0,지하층,21,철근콘크리트조,02005,지하대피소,7.557000000
72489675,10891188419,2,0,14층,21,철근콘크리트조,02001,복도.계단.현관,11.616000000
72489676,10891188419,1,1,1층,19,조적조,02005,경비실,0.092000000
72489677,10891188419,2,1,지하.1층,21,철근콘크리트조,02005,기계실,1.231000000
72489678,10891188419,2,1,1층.2층,21,철근콘크리트조,02006,노인정.관리실,0.406000000
72489679,10891188419,2,1,지하층,21,철근콘크리트조,02005,지하주차장,9.522000000
77105366,10891188420,1,0,14층,21,철근콘크리트조,02001,아파트,85.000000000
77105367,10891188420,2,0,지하층,21,철근콘크리트조,02005,지하대피소,7.557000000
77105368,10891188420,2,0,14층,21,철근콘크리트조,02001,복도.계단.현관,11.616000000
77105369,10891188420,1,1,1층,19,조적조,02005,경비실,0.092000000
77105370,10891188420,2,1,지하.1층,21,철근콘크리트조,02005,기계실,1.231000000
77105371,10891188420,2,1,1층.2층,21,철근콘크리트조,02006,노인정.관리실,0.406000000
77105372,10891188420,2,1,지하층,21,철근콘크리트조,02005,지하주차장,9.522000000
39163404,10891188421,1,0,15층,21,철근콘크리트조,02001,아파트,85.000000000
39163405,10891188421,2,0,지하층,21,철근콘크리트조,02005,지하대피소,7.557000000
39163406,10891188421,2,0,15층,21,철근콘크리트조,02001,복도.계단.현관,11.616000000
39163407,10891188421,1,1,1층,19,조적조,02005,경비실,0.092000000
39163408,10891188421,2,1,지하.1층,21,철근콘크리트조,02005,기계실,1.231000000
39163409,10891188421,2,1,1층.2층,21,철근콘크리트조,02006,노인정.관리실,0.406000000
39163410,10891188421,2,1,지하층,21,철근콘크리트조,02005,지하주차장,9.522000000
4567601,10891188422,1,0,2층,21,철근콘크리트조,02001,아파트,85.000000000
4567602,10891188422,2,0,지하층,21,철근콘크리트조,02005,지하대피소,7.557000000
4567603,10891188422,2,0,2층,21,철근콘크리트조,02001,복도.계단.현관,11.616000000
4567604,10891188422,1,1,1층,19,조적조,02005,경비실,0.092000000
4567605,10891188422,2,1,지하.1층,21,철근콘크리트조,02005,기계실,1.231000000
4567606,10891188422,2,1,1층.2층,21,철근콘크리트조,02006,노인정.관리실,0.406000000
4567607,10891188422,2,1,지하층,21,철근콘크리트조,02005,지하주차장,9.522000000
59919844,10891188423,1,0,7층,21,철근콘크리트조,02001,아파트,85.000000000
59919845,10891188423,2,0,지하층,21,철근콘크리트조,02005,지하대피소,7.557000000
59919846,10891188423,2,0,7층,21,철근콘크리트조,02001,복도.계단.현관,11.616000000
59919847,10891188423,1,1,1층,19,조적조,02005,경비실,0.092000000
59919848,10891188423,2,1,지하.1층,21,철근콘크리트조,02005,기계실,1.231000000
59919849,10891188423,2,1,1층.2층,21,철근콘크리트조,02006,노인정.관리실,0.406000000
59919850,10891188423,2,1,지하층,21,철근콘크리트조,02005,지하주차장,9.522000000
89142208,10891188424,1,0,지층,21,철근콘크리트조,03001,판매시설(슈퍼마켓),461.440000000
89142209,10891188424,2,0,지층,21,철근콘크리트조,02005,계단,55.960000000
89142210,10891188424,2,0,지층,21,철근콘크리트조,02005,화장실,19.800000000
23801816,10891188425,1,0,1층,21,철근콘크리트조,03001,판매시설(약국),43.790000000
23801817,10891188425,2,0,1층,21,철근콘크리트조,02005,계단,2.620000000
23801818,10891188425,2,0,1층,21,철근콘크리트조,02005,복도,7.760000000
23801819,10891188425,2,0,1층,21,철근콘크리트조,02005,화장실,3.230000000
36115723,10891188426,2,0,1층,21,철근콘크리트조,02005,복도,7.760000000
36115724,10891188426,2,0,1층,21,철근콘크리트조,02005,화장실,3.230000000
36115725,10891188426,1,0,1층,21,철근콘크리트조,03001,판매시설(비디오),43.790000000
36115726,10891188426,2,0,1층,21,철근콘크리트조,02005,계단,2.620000000
71172955,10891188427,1,0,1층,21,철근콘크리트조,04999,제2종근린생활시설(교습소),39.400000000
71172956,10891188427,2,0,1층,21,철근콘크리트조,02005,계단,2.350000000
71172957,10891188427,2,0,1층,21,철근콘크리트조,02005,복도,6.980000000
71172958,10891188427,2,0,1층,21,철근콘크리트조,02005,화장실,2.910000000
62690846,10891188428,1,0,1층,21,철근콘크리트조,04403,근린생활시설(부동산),39.400000000
62690847,10891188428,2,0,1층,21,철근콘크리트조,02005,계단,2.350000000
62690848,10891188428,2,0,1층,21,철근콘크리트조,02005,복도,6.980000000
62690849,10891188428,2,0,1층,21,철근콘크리트조,02005,화장실,2.910000000
59624118,10891188429,1,0,2층,21,철근콘크리트조,04001,근린생활시설(중화요리),62.520000000
59624119,10891188429,2,0,2층,21,철근콘크리트조,02005,계단,3.590000000
59624120,10891188429,2,0,2층,21,철근콘크리트조,02005,복도,7.030000000
59624121,10891188429,2,0,2층,21,철근콘크리트조,02005,화장실,4.420000000
3827170,10891188430,1,0,2층,21,철근콘크리트조,03001,근린생활시설(분식점),55.680000000
3827171,10891188430,2,0,2층,21,철근콘크리트조,02005,계단,3.190000000
3827172,10891188430,2,0,2층,21,철근콘크리트조,02005,복도,6.260000000
3827173,10891188430,2,0,2층,21,철근콘크리트조,02005,화장실,3.950000000
101117375,10891188431,1,0,3층,21,철근콘크리트조,03005,근린생활시설(의원),43.790000000
101117376,10891188431,2,0,3층,21,철근콘크리트조,02005,계단,2.520000000
101117377,10891188431,2,0,3층,21,철근콘크리트조,02005,복도,4.925000000
101117378,10891188431,2,0,3층,21,철근콘크리트조,02005,화장실,3.100000000
75197055,10891188432,1,0,3층,21,철근콘크리트조,03003,생활시설(미용실),43.790000000
75197056,10891188432,2,0,3층,21,철근콘크리트조,02005,계단,2.520000000
75197057,10891188432,2,0,3층,21,철근콘크리트조,02005,복도,4.925000000
75197058,10891188432,2,0,3층,21,철근콘크리트조,02005,화장실,3.100000000
80182825,10891188433,1,0,3층,21,철근콘크리트조,04010,근린생활시설(미술학원),66.960000000
80182826,10891188433,2,0,3층,21,철근콘크리트조,02005,계단,3.840000000
80182827,10891188433,2,0,3층,21,철근콘크리트조,02005,복도,7.530000000
80182828,10891188433,2,0,3층,21,철근콘크리트조,02005,화장실,4.740000000
91400759,10891188434,1,0,3층,21,철근콘크리트조,04010,근린생활시설(피아노학원),62.520000000
91400760,10891188434,2,0,3층,21,철근콘크리트조,02005,계단,3.580000000
91400761,10891188434,2,0,3층,21,철근콘크리트조,02005,복도,7.030000000
91400762,10891188434,2,0,3층,21,철근콘크리트조,02005,화장실,4.430000000
62348690,10891188435,1,0,1층,21,철근콘크리트조,07999,판매시설,31.810000000
62348691,10891188435,2,0,1층,21,철근콘크리트조,02005,계단,1.910000000
62348692,10891188435,2,0,1층,21,철근콘크리트조,02005,복도,5.620000000
62348693,10891188435,2,0,1층,21,철근콘크리트조,02005,화장실,2.350000000
48802750,10891188436,1,0,2층,21,철근콘크리트조,04999,제2종근린생활시설,43.790000000
48802751,10891188436,2,0,2층,21,철근콘크리트조,02005,계단,2.510000000
48802752,10891188436,2,0,2층,21,철근콘크리트조,02005,복도,4.930000000
48802753,10891188436,2,0,2층,21,철근콘크리트조,02005,화장실,3.100000000
96789448,10891188437,1,0,1층,21,철근콘크리트조,04001,제2종근린생활시설(일반음식점),39.400000000
96789449,10891188437,2,0,1층,21,철근콘크리트조,02005,계단,2.350000000
96789450,10891188437,2,0,1층,21,철근콘크리트조,02005,복도,6.980000000
96789451,10891188437,2,0,1층,21,철근콘크리트조,02005,화장실,2.910000000
17625672,10891188438,1,0,2층,21,철근콘크리트조,03029,제1종근린생활시설(제과점),55.070000000
17625673,10891188438,2,0,2층,21,철근콘크리트조,02005,계단,3.160000000
17625674,10891188438,2,0,2층,21,철근콘크리트조,02005,복도,6.190000000
17625675,10891188438,2,0,2층,21,철근콘크리트조,02005,화장실,3.910000000
106932378,10891188439,1,0,2층,21,철근콘크리트조,03003,근린생활시설(미용원),62.520000000
106932379,10891188439,2,0,2층,21,철근콘크리트조,02005,계단,3.590000000
106932380,10891188439,2,0,2층,21,철근콘크리트조,02005,복도,7.030000000
106932381,10891188439,2,0,2층,21,철근콘크리트조,02005,화장실,4.420000000
38432238,10891188440,1,0,3층,21,철근콘크리트조,04010,근린생활시설(속셈학원),62.520000000
38432239,10891188440,2,0,3층,21,철근콘크리트조,02005,계단,3.580000000
38432240,10891188440,2,0,3층,21,철근콘크리트조,02005,복도,7.030000000
38432241,10891188440,2,0,3층,21,철근콘크리트조,02005,화장실,4.430000000
94121163,10891188441,2,0,1층,21,철근콘크리트조,02005,복도,5.440000000
94121164,10891188441,2,0,1층,21,철근콘크리트조,02005,화장실,2.260000000
94121165,10891188441,1,0,1층,21,철근콘크리트조,07999,판매시설,30.710000000
94121166,10891188441,2,0,1층,21,철근콘크리트조,02005,계단,1.840000000
29888801,10891188442,1,0,15층,21,철근콘크리트조,02001,아파트,85.000000000
29888802,10891188442,2,0,지하층,21,철근콘크리트조,02005,지하대피소,7.557000000
29888803,10891188442,2,0,15층,21,철근콘크리트조,02001,복도.계단.현관,11.616000000
29888804,10891188442,1,1,1층,19,조적조,02005,경비실,0.092000000
29888805,10891188442,2,1,지하.1층,21,철근콘크리트조,02005,기계실,1.231000000
29888806,10891188442,2,1,1층.2층,21,철근콘크리트조,02006,노인정.관리실,0.406000000
29888807,10891188442,2,1,지하층,21,철근콘크리트조,02005,지하주차장,9.523000000
62802721,10891188443,1,0,15층,21,철근콘크리트조,02001,아파트,85.000000000
62802722,10891188443,2,0,지하층,21,철근콘크리트조,02005,지하대피소,7.557000000
62802723,10891188443,2,0,15층,21,철근콘크리트조,02001,복도.계단.현관,11.616000000
62802724,10891188443,1,1,1층,19,조적조,02005,경비실,0.092000000
62802725,10891188443,2,1,지하.1층,21,철근콘크리트조,02005,기계실,1.231000000
62802726,10891188443,2,1,1층.2층,21,철근콘크리트조,02006,노인정.관리실,0.406000000
62802727,10891188443,2,1,지하층,21,철근콘크리트조,02005,지하주차장,9.523000000
79347161,10891188444,1,0,15층,21,철근콘크리트조,02001,아파트,85.000000000
79347162,10891188444,2,0,지하층,21,철근콘크리트조,02005,지하대피소,7.557000000
79347163,10891188444,2,0,15층,21,철근콘크리트조,02001,복도.계단.현관,11.616000000
79347164,10891188444,1,1,1층,19,조적조,02005,경비실,0.092000000
79347165,10891188444,2,1,지하.1층,21,철근콘크리트조,02005,기계실,1.231000000
79347166,10891188444,2,1,1층.2층,21,철근콘크리트조,02006,노인정.관리실,0.406000000
79347167,10891188444,2,1,지하층,21,철근콘크리트조,02005,지하주차장,9.523000000
46564940,10891188445,1,0,15층,21,철근콘크리트조,02001,아파트,85.000000000
46564941,10891188445,2,0,지하층,21,철근콘크리트조,02005,지하대피소,7.557000000
46564942,10891188445,2,0,15층,21,철근콘크리트조,02001,복도.계단.현관,11.616000000
46564943,10891188445,1,1,1층,19,조적조,02005,경비실,0.092000000
46564944,10891188445,2,1,지하.1층,21,철근콘크리트조,02005,기계실,1.231000000
46564945,10891188445,2,1,1층.2층,21,철근콘크리트조,02006,노인정.관리실,0.406000000
46564946,10891188445,2,1,지하층,21,철근콘크리트조,02005,지하주차장,9.523000000
104856381,10891188446,2,0,11층,21,철근콘크리트조,02001,복도.계단.현관,11.616000000
104856382,10891188446,1,1,1층,19,조적조,02005,경비실,0.092000000
104856383,10891188446,2,1,지하.1층,21,철근콘크리트조,02005,기계실,1.231000000
104856384,10891188446,2,1,1층.2층,21,철근콘크리트조,02006,노인정.관리실,0.406000000
104856385,10891188446,2,1,지하층,21,철근콘크리트조,02005,지하주차장,9.523000000
104856386,10891188446,1,0,11층,21,철근콘크리트조,02001,아파트,85.000000000
104856387,10891188446,2,0,지하층,21,철근콘크리트조,02005,지하대피소,7.557000000
76672832,10891188447,1,0,11층,21,철근콘크리트조,02001,아파트,85.000000000
76672833,10891188447,2,0,지하층,21,철근콘크리트조,02005,지하대피소,7.557000000
76672834,10891188447,2,0,11층,21,철근콘크리트조,02001,복도.계단.현관,11.616000000
76672835,10891188447,1,1,1층,19,조적조,02005,경비실,0.092000000
76672836,10891188447,2,1,지하.1층,21,철근콘크리트조,02005,기계실,1.231000000
76672837,10891188447,2,1,1층.2층,21,철근콘크리트조,02006,노인정.관리실,0.406000000
76672838,10891188447,2,1,지하층,21,철근콘크리트조,02005,지하주차장,9.523000000
43565519,10891188448,1,0,11층,21,철근콘크리트조,02001,아파트,85.000000000
43565520,10891188448,2,0,지하층,21,철근콘크리트조,02005,지하대피소,7.557000000
43565521,10891188448,2,0,11층,21,철근콘크리트조,02001,복도.계단.현관,11.616000000
43565522,10891188448,1,1,1층,19,조적조,02005,경비실,0.092000000
43565523,10891188448,2,1,지하.1층,21,철근콘크리트조,02005,기계실,1.231000000
43565524,10891188448,2,1,1층.2층,21,철근콘크리트조,02006,노인정.관리실,0.406000000
43565525,10891188448,2,1,지하층,21,철근콘크리트조,02005,지하주차장,9.523000000
77428441,10891188449,1,0,12층,21,철근콘크리트조,02001,아파트,85.000000000
77428442,10891188449,2,0,지하층,21,철근콘크리트조,02005,지하대피소,7.557000000
77428443,10891188449,2,0,12층,21,철근콘크리트조,02001,복도.계단.현관,11.616000000
77428444,10891188449,1,1,1층,19,조적조,02005,경비실,0.092000000
77428445,10891188449,2,1,지하.1층,21,철근콘크리트조,02005,기계실,1.231000000
77428446,10891188449,2,1,1층.2층,21,철근콘크리트조,02006,노인정.관리실,0.406000000
77428447,10891188449,2,1,지하층,21,철근콘크리트조,02005,지하주차장,9.523000000
34920079,10891188450,1,0,12층,21,철근콘크리트조,02001,아파트,85.000000000
34920080,10891188450,2,0,지하층,21,철근콘크리트조,02005,지하대피소,7.557000000
34920081,10891188450,2,0,12층,21,철근콘크리트조,02001,복도.계단.현관,11.616000000
34920082,10891188450,1,1,1층,19,조적조,02005,경비실,0.092000000
34920083,10891188450,2,1,지하.1층,21,철근콘크리트조,02005,기계실,1.231000000
34920084,10891188450,2,1,1층.2층,21,철근콘크리트조,02006,노인정.관리실,0.406000000
34920085,10891188450,2,1,지하층,21,철근콘크리트조,02005,지하주차장,9.523000000
90233151,10891188451,1,0,12층,21,철근콘크리트조,02001,아파트,85.000000000
90233152,10891188451,2,0,지하층,21,철근콘크리트조,02005,지하대피소,7.557000000
90233153,10891188451,2,0,12층,21,철근콘크리트조,02001,복도.계단.현관,11.616000000
90233154,10891188451,1,1,1층,19,조적조,02005,경비실,0.092000000
90233155,10891188451,2,1,지하.1층,21,철근콘크리트조,02005,기계실,1.231000000
90233156,10891188451,2,1,1층.2층,21,철근콘크리트조,02006,노인정.관리실,0.406000000
90233157,10891188451,2,1,지하층,21,철근콘크리트조,02005,지하주차장,9.523000000
53531768,10891188452,1,0,12층,21,철근콘크리트조,02001,아파트,85.000000000
53531769,10891188452,2,0,지하층,21,철근콘크리트조,02005,지하대피소,7.557000000
53531770,10891188452,2,0,12층,21,철근콘크리트조,02001,복도.계단.현관,11.616000000
53531771,10891188452,1,1,1층,19,조적조,02005,경비실,0.092000000
53531772,10891188452,2,1,지하.1층,21,철근콘크리트조,02005,기계실,1.231000000
53531773,10891188452,2,1,1층.2층,21,철근콘크리트조,02006,노인정.관리실,0.406000000
53531774,10891188452,2,1,지하층,21,철근콘크리트조,02005,지하주차장,9.523000000
104414158,10891188453,1,0,12층,21,철근콘크리트조,02001,아파트,85.000000000
104414159,10891188453,2,0,지하층,21,철근콘크리트조,02005,지하대피소,7.557000000
104414160,10891188453,2,0,12층,21,철근콘크리트조,02001,복도.계단.현관,11.616000000
104414161,10891188453,1,1,1층,19,조적조,02005,경비실,0.092000000
104414162,10891188453,2,1,지하.1층,21,철근콘크리트조,02005,기계실,1.231000000
104414163,10891188453,2,1,1층.2층,21,철근콘크리트조,02006,노인정.관리실,0.406000000
104414164,10891188453,2,1,지하층,21,철근콘크리트조,02005,지하주차장,9.523000000
42883184,10891188454,1,0,13층,21,철근콘크리트조,02001,아파트,85.000000000
42883185,10891188454,2,0,지하층,21,철근콘크리트조,02005,지하대피소,7.557000000
42883186,10891188454,2,0,13층,21,철근콘크리트조,02001,복도.계단.현관,11.616000000
42883187,10891188454,1,1,1층,19,조적조,02005,경비실,0.092000000
42883188,10891188454,2,1,지하.1층,21,철근콘크리트조,02005,기계실,1.231000000
42883189,10891188454,2,1,1층.2층,21,철근콘크리트조,02006,노인정.관리실,0.406000000
42883190,10891188454,2,1,지하층,21,철근콘크리트조,02005,지하주차장,9.523000000
104997764,10891188455,1,0,13층,21,철근콘크리트조,02001,아파트,85.000000000
104997765,10891188455,2,0,지하층,21,철근콘크리트조,02005,지하대피소,7.557000000
104997766,10891188455,2,0,13층,21,철근콘크리트조,02001,복도.계단.현관,11.616000000
104997767,10891188455,1,1,1층,19,조적조,02005,경비실,0.092000000
104997768,10891188455,2,1,지하.1층,21,철근콘크리트조,02005,기계실,1.231000000
104997769,10891188455,2,1,1층.2층,21,철근콘크리트조,02006,노인정.관리실,0.406000000
104997770,10891188455,2,1,지하층,21,철근콘크리트조,02005,지하주차장,9.523000000
50837405,10891188456,1,0,13층,21,철근콘크리트조,02001,아파트,85.000000000
50837406,10891188456,2,0,지하층,21,철근콘크리트조,02005,지하대피소,7.557000000
50837407,10891188456,2,0,13층,21,철근콘크리트조,02001,복도.계단.현관,11.616000000
50837408,10891188456,1,1,1층,19,조적조,02005,경비실,0.092000000
50837409,10891188456,2,1,지하.1층,21,철근콘크리트조,02005,기계실,1.231000000
50837410,10891188456,2,1,1층.2층,21,철근콘크리트조,02006,노인정.관리실,0.406000000
50837411,10891188456,2,1,지하층,21,철근콘크리트조,02005,지하주차장,9.523000000
103274804,10891188457,1,0,13층,21,철근콘크리트조,02001,아파트,85.000000000
103274805,10891188457,2,0,지하층,21,철근콘크리트조,02005,지하대피소,7.557000000
103274806,10891188457,2,0,13층,21,철근콘크리트조,02001,복도.계단.현관,11.616000000
103274807,10891188457,1,1,1층,19,조적조,02005,경비실,0.092000000
103274808,10891188457,2,1,지하.1층,21,철근콘크리트조,02005,기계실,1.231000000
103274809,10891188457,2,1,1층.2층,21,철근콘크리트조,02006,노인정.관리실,0.406000000
103274810,10891188457,2,1,지하층,21,철근콘크리트조,02005,지하주차장,9.523000000
18058992,10891188458,1,0,14층,21,철근콘크리트조,02001,아파트,85.000000000
18058993,10891188458,2,0,지하층,21,철근콘크리트조,02005,지하대피소,7.557000000
18058994,10891188458,2,0,14층,21,철근콘크리트조,02001,복도.계단.현관,11.616000000
18058995,10891188458,1,1,1층,19,조적조,02005,경비실,0.092000000
18058996,10891188458,2,1,지하.1층,21,철근콘크리트조,02005,기계실,1.231000000
18058997,10891188458,2,1,1층.2층,21,철근콘크리트조,02006,노인정.관리실,0.406000000
18058998,10891188458,2,1,지하층,21,철근콘크리트조,02005,지하주차장,9.523000000
28598787,10891188459,1,0,14층,21,철근콘크리트조,02001,아파트,85.000000000
28598788,10891188459,2,0,지하층,21,철근콘크리트조,02005,지하대피소,7.557000000
28598789,10891188459,2,0,14층,21,철근콘크리트조,02001,복도.계단.현관,11.616000000
28598790,10891188459,1,1,1층,19,조적조,02005,경비실,0.092000000
28598791,10891188459,2,1,지하.1층,21,철근콘크리트조,02005,기계실,1.231000000
28598792,10891188459,2,1,1층.2층,21,철근콘크리트조,02006,노인정.관리실,0.406000000
28598793,10891188459,2,1,지하층,21,철근콘크리트조,02005,지하주차장,9.523000000
28071342,10891188460,1,0,14층,21,철근콘크리트조,02001,아파트,85.000000000
28071343,10891188460,2,0,지하층,21,철근콘크리트조,02005,지하대피소,7.557000000
28071344,10891188460,2,0,14층,21,철근콘크리트조,02001,복도.계단.현관,11.616000000
28071345,10891188460,1,1,1층,19,조적조,02005,경비실,0.092000000
28071346,10891188460,2,1,지하.1층,21,철근콘크리트조,02005,기계실,1.231000000
28071347,10891188460,2,1,1층.2층,21,철근콘크리트조,02006,노인정.관리실,0.406000000
28071348,10891188460,2,1,지하층,21,철근콘크리트조,02005,지하주차장,9.523000000
82919143,10891188461,1,0,14층,21,철근콘크리트조,02001,아파트,85.000000000
82919144,10891188461,2,0,지하층,21,철근콘크리트조,02005,지하대피소,7.557000000
82919145,10891188461,2,0,14층,21,철근콘크리트조,02001,복도.계단.현관,11.616000000
82919146,10891188461,1,1,1층,19,조적조,02005,경비실,0.092000000
82919147,10891188461,2,1,지하.1층,21,철근콘크리트조,02005,기계실,1.231000000
82919148,10891188461,2,1,1층.2층,21,철근콘크리트조,02006,노인정.관리실,0.406000000
82919149,10891188461,2,1,지하층,21,철근콘크리트조,02005,지하주차장,9.523000000
32359190,10891188462,1,0,15층,21,철근콘크리트조,02001,아파트,85.000000000
32359191,10891188462,2,0,지하층,21,철근콘크리트조,02005,지하대피소,7.557000000
32359192,10891188462,2,0,15층,21,철근콘크리트조,02001,복도.계단.현관,11.616000000
32359193,10891188462,1,1,1층,19,조적조,02005,경비실,0.092000000
32359194,10891188462,2,1,지하.1층,21,철근콘크리트조,02005,기계실,1.231000000
32359195,10891188462,2,1,1층.2층,21,철근콘크리트조,02006,노인정.관리실,0.406000000
32359196,10891188462,2,1,지하층,21,철근콘크리트조,02005,지하주차장,9.523000000
51172876,10891188463,1,0,15층,21,철근콘크리트조,02001,아파트,85.000000000
51172877,10891188463,2,0,지하층,21,철근콘크리트조,02005,지하대피소,7.557000000
51172878,10891188463,2,0,15층,21,철근콘크리트조,02001,복도.계단.현관,11.616000000
51172879,10891188463,1,1,1층,19,조적조,02005,경비실,0.092000000
51172880,10891188463,2,1,지하.1층,21,철근콘크리트조,02005,기계실,1.231000000
51172881,10891188463,2,1,1층.2층,21,철근콘크리트조,02006,노인정.관리실,0.406000000
51172882,10891188463,2,1,지하층,21,철근콘크리트조,02005,지하주차장,9.523000000
73327046,10891188464,1,0,11층,21,철근콘크리트조,02001,아파트,85.000000000
73327047,10891188464,2,0,지하층,21,철근콘크리트조,02005,지하대피소,7.557000000
73327048,10891188464,2,0,11층,21,철근콘크리트조,02001,복도.계단.현관,11.616000000
73327049,10891188464,1,1,1층,19,조적조,02005,경비실,0.092000000
73327050,10891188464,2,1,지하.1층,21,철근콘크리트조,02005,기계실,1.231000000
73327051,10891188464,2,1,1층.2층,21,철근콘크리트조,02006,노인정.관리실,0.406000000
73327052,10891188464,2,1,지하층,21,철근콘크리트조,02005,지하주차장,9.523000000
76122306,10891188465,1,0,7층,21,철근콘크리트조,02001,아파트,85.000000000
76122307,10891188465,2,0,지하층,21,철근콘크리트조,02005,지하대피소,7.557000000
76122308,10891188465,2,0,7층,21,철근콘크리트조,02001,복도.계단.현관,11.616000000
76122309,10891188465,1,1,1층,19,조적조,02005,경비실,0.092000000
76122310,10891188465,2,1,지하.1층,21,철근콘크리트조,02005,기계실,1.231000000
76122311,10891188465,2,1,1층.2층,21,철근콘크리트조,02006,노인정.관리실,0.406000000
76122312,10891188465,2,1,지하층,21,철근콘크리트조,02005,지하주차장,9.523000000
102763224,10891188466,1,0,7층,21,철근콘크리트조,02001,아파트,85.000000000
102763225,10891188466,2,0,지하층,21,철근콘크리트조,02005,지하대피소,7.557000000
102763226,10891188466,2,0,7층,21,철근콘크리트조,02001,복도.계단.현관,11.616000000
102763227,10891188466,1,1,1층,19,조적조,02005,경비실,0.092000000
102763228,10891188466,2,1,지하.1층,21,철근콘크리트조,02005,기계실,1.231000000
102763229,10891188466,2,1,1층.2층,21,철근콘크리트조,02006,노인정.관리실,0.406000000
102763230,10891188466,2,1,지하층,21,철근콘크리트조,02005,지하주차장,9.523000000
104119113,10891188467,1,0,7층,21,철근콘크리트조,02001,아파트,85.000000000
104119114,10891188467,2,0,지하층,21,철근콘크리트조,02005,지하대피소,7.557000000
104119115,10891188467,2,0,7층,21,철근콘크리트조,02001,복도.계단.현관,11.616000000
104119116,10891188467,1,1,1층,19,조적조,02005,경비실,0.092000000
104119117,10891188467,2,1,지하.1층,21,철근콘크리트조,02005,기계실,1.231000000
104119118,10891188467,2,1,1층.2층,21,철근콘크리트조,02006,노인정.관리실,0.406000000
104119119,10891188467,2,1,지하층,21,철근콘크리트조,02005,지하주차장,9.523000000
14776193,10891188468,1,0,8층,21,철근콘크리트조,02001,아파트,85.000000000
14776194,10891188468,2,0,지하층,21,철근콘크리트조,02005,지하대피소,7.557000000
14776195,10891188468,2,0,8층,21,철근콘크리트조,02001,복도.계단.현관,11.616000000
14776196,10891188468,1,1,1층,19,조적조,02005,경비실,0.092000000
14776197,10891188468,2,1,지하.1층,21,철근콘크리트조,02005,기계실,1.231000000
14776198,10891188468,2,1,1층.2층,21,철근콘크리트조,02006,노인정.관리실,0.406000000
14776199,10891188468,2,1,지하층,21,철근콘크리트조,02005,지하주차장,9.523000000
71335256,10891188469,1,0,8층,21,철근콘크리트조,02001,아파트,85.000000000
71335257,10891188469,2,0,지하층,21,철근콘크리트조,02005,지하대피소,7.557000000
71335258,10891188469,2,0,8층,21,철근콘크리트조,02001,복도.계단.현관,11.616000000
71335259,10891188469,1,1,1층,19,조적조,02005,경비실,0.092000000
71335260,10891188469,2,1,지하.1층,21,철근콘크리트조,02005,기계실,1.231000000
71335261,10891188469,2,1,1층.2층,21,철근콘크리트조,02006,노인정.관리실,0.406000000
71335262,10891188469,2,1,지하층,21,철근콘크리트조,02005,지하주차장,9.523000000
4219066,10891188470,1,0,8층,21,철근콘크리트조,02001,아파트,85.000000000
4219067,10891188470,2,0,지하층,21,철근콘크리트조,02005,지하대피소,7.557000000
4219068,10891188470,2,0,8층,21,철근콘크리트조,02001,복도.계단.현관,11.616000000
4219069,10891188470,1,1,1층,19,조적조,02005,경비실,0.092000000
4219070,10891188470,2,1,지하.1층,21,철근콘크리트조,02005,기계실,1.231000000
4219071,10891188470,2,1,1층.2층,21,철근콘크리트조,02006,노인정.관리실,0.406000000
4219072,10891188470,2,1,지하층,21,철근콘크리트조,02005,지하주차장,9.523000000
87404082,10891188471,1,0,8층,21,철근콘크리트조,02001,아파트,85.000000000
87404083,10891188471,2,0,지하층,21,철근콘크리트조,02005,지하대피소,7.557000000
87404084,10891188471,2,0,8층,21,철근콘크리트조,02001,복도.계단.현관,11.616000000
87404085,10891188471,1,1,1층,19,조적조,02005,경비실,0.092000000
87404086,10891188471,2,1,지하.1층,21,철근콘크리트조,02005,기계실,1.231000000
87404087,10891188471,2,1,1층.2층,21,철근콘크리트조,02006,노인정.관리실,0.406000000
87404088,10891188471,2,1,지하층,21,철근콘크리트조,02005,지하주차장,9.523000000
31218971,10891188472,1,0,8층,21,철근콘크리트조,02001,아파트,85.000000000
31218972,10891188472,2,0,지하층,21,철근콘크리트조,02005,지하대피소,7.557000000
31218973,10891188472,2,0,8층,21,철근콘크리트조,02001,복도.계단.현관,11.616000000
31218974,10891188472,1,1,1층,19,조적조,02005,경비실,0.092000000
31218975,10891188472,2,1,지하.1층,21,철근콘크리트조,02005,기계실,1.231000000
31218976,10891188472,2,1,1층.2층,21,철근콘크리트조,02006,노인정.관리실,0.406000000
31218977,10891188472,2,1,지하층,21,철근콘크리트조,02005,지하주차장,9.523000000
69214782,10891188473,1,0,9층,21,철근콘크리트조,02001,아파트,85.000000000
69214783,10891188473,2,0,지하층,21,철근콘크리트조,02005,지하대피소,7.557000000
69214784,10891188473,2,0,9층,21,철근콘크리트조,02001,복도.계단.현관,11.616000000
69214785,10891188473,1,1,1층,19,조적조,02005,경비실,0.092000000
69214786,10891188473,2,1,지하.1층,21,철근콘크리트조,02005,기계실,1.231000000
69214787,10891188473,2,1,1층.2층,21,철근콘크리트조,02006,노인정.관리실,0.406000000
69214788,10891188473,2,1,지하층,21,철근콘크리트조,02005,지하주차장,9.523000000
3528319,10891188474,1,0,9층,21,철근콘크리트조,02001,아파트,85.000000000
3528320,10891188474,2,0,지하층,21,철근콘크리트조,02005,지하대피소,7.557000000
3528321,10891188474,2,0,9층,21,철근콘크리트조,02001,복도.계단.현관,11.616000000
3528322,10891188474,1,1,1층,19,조적조,02005,경비실,0.092000000
3528323,10891188474,2,1,지하.1층,21,철근콘크리트조,02005,기계실,1.231000000
3528324,10891188474,2,1,1층.2층,21,철근콘크리트조,02006,노인정.관리실,0.406000000
3528458,10891188474,2,1,지하층,21,철근콘크리트조,02005,지하주차장,9.523000000
3670427,10891188475,1,0,9층,21,철근콘크리트조,02001,아파트,85.000000000
3670428,10891188475,2,0,지하층,21,철근콘크리트조,02005,지하대피소,7.557000000
3670430,10891188475,2,0,9층,21,철근콘크리트조,02001,복도.계단.현관,11.616000000
3670431,10891188475,1,1,1층,19,조적조,02005,경비실,0.092000000
3670432,10891188475,2,1,지하.1층,21,철근콘크리트조,02005,기계실,1.231000000
3670433,10891188475,2,1,1층.2층,21,철근콘크리트조,02006,노인정.관리실,0.406000000
3670434,10891188475,2,1,지하층,21,철근콘크리트조,02005,지하주차장,9.523000000
14828363,10891188476,1,0,9층,21,철근콘크리트조,02001,아파트,85.000000000
14828364,10891188476,2,0,지하층,21,철근콘크리트조,02005,지하대피소,7.557000000
14828365,10891188476,2,0,9층,21,철근콘크리트조,02001,복도.계단.현관,11.616000000
14828366,10891188476,1,1,1층,19,조적조,02005,경비실,0.092000000
14828367,10891188476,2,1,지하.1층,21,철근콘크리트조,02005,기계실,1.231000000
14828368,10891188476,2,1,1층.2층,21,철근콘크리트조,02006,노인정.관리실,0.406000000
14828369,10891188476,2,1,지하층,21,철근콘크리트조,02005,지하주차장,9.523000000
33829737,10891188477,1,0,10층,21,철근콘크리트조,02001,아파트,85.000000000
33829738,10891188477,2,0,지하층,21,철근콘크리트조,02005,지하대피소,7.557000000
33829739,10891188477,2,0,10층,21,철근콘크리트조,02001,복도.계단.현관,11.616000000
33829740,10891188477,1,1,1층,19,조적조,02005,경비실,0.092000000
33829741,10891188477,2,1,지하.1층,21,철근콘크리트조,02005,기계실,1.231000000
33829742,10891188477,2,1,1층.2층,21,철근콘크리트조,02006,노인정.관리실,0.406000000
33829743,10891188477,2,1,지하층,21,철근콘크리트조,02005,지하주차장,9.523000000
60623916,10891188478,1,0,10층,21,철근콘크리트조,02001,아파트,85.000000000
60623917,10891188478,2,0,지하층,21,철근콘크리트조,02005,지하대피소,7.557000000
60623918,10891188478,2,0,10층,21,철근콘크리트조,02001,복도.계단.현관,11.616000000
60623919,10891188478,1,1,1층,19,조적조,02005,경비실,0.092000000
60623920,10891188478,2,1,지하.1층,21,철근콘크리트조,02005,기계실,1.231000000
60623921,10891188478,2,1,1층.2층,21,철근콘크리트조,02006,노인정.관리실,0.406000000
60623922,10891188478,2,1,지하층,21,철근콘크리트조,02005,지하주차장,9.523000000
17261098,10891188479,2,1,1층.2층,21,철근콘크리트조,02006,노인정.관리실,0.406000000
17261099,10891188479,2,1,지하층,21,철근콘크리트조,02005,지하주차장,9.523000000
17261109,10891188479,1,0,10층,21,철근콘크리트조,02001,아파트,85.000000000
17261110,10891188479,2,0,지하층,21,철근콘크리트조,02005,지하대피소,7.557000000
17261111,10891188479,2,0,10층,21,철근콘크리트조,02001,복도.계단.현관,11.616000000
17261112,10891188479,1,1,1층,19,조적조,02005,경비실,0.092000000
17261113,10891188479,2,1,지하.1층,21,철근콘크리트조,02005,기계실,1.231000000
53509354,10891188480,1,0,11층,21,철근콘크리트조,02001,아파트,85.000000000
53509355,10891188480,2,0,지하층,21,철근콘크리트조,02005,지하대피소,7.557000000
53509356,10891188480,2,0,11층,21,철근콘크리트조,02001,복도.계단.현관,11.616000000
53509357,10891188480,1,1,1층,19,조적조,02005,경비실,0.092000000
53509358,10891188480,2,1,지하.1층,21,철근콘크리트조,02005,기계실,1.231000000
53509359,10891188480,2,1,1층.2층,21,철근콘크리트조,02006,노인정.관리실,0.406000000
53509360,10891188480,2,1,지하층,21,철근콘크리트조,02005,지하주차장,9.523000000
109047249,10891188481,1,0,11층,21,철근콘크리트조,02001,아파트,85.000000000
109047250,10891188481,2,0,지하층,21,철근콘크리트조,02005,지하대피소,7.557000000
109047251,10891188481,2,0,11층,21,철근콘크리트조,02001,복도.계단.현관,11.616000000
109047252,10891188481,1,1,1층,19,조적조,02005,경비실,0.092000000
109047253,10891188481,2,1,지하.1층,21,철근콘크리트조,02005,기계실,1.231000000
109047254,10891188481,2,1,1층.2층,21,철근콘크리트조,02006,노인정.관리실,0.406000000
109047255,10891188481,2,1,지하층,21,철근콘크리트조,02005,지하주차장,9.523000000
34599920,10891188482,1,0,7층,21,철근콘크리트조,02001,아파트,85.000000000
34599921,10891188482,2,0,지하층,21,철근콘크리트조,02005,지하대피소,7.557000000
34599922,10891188482,2,0,7층,21,철근콘크리트조,02001,복도.계단.현관,11.616000000
34599923,10891188482,1,1,1층,19,조적조,02005,경비실,0.092000000
34599924,10891188482,2,1,지하.1층,21,철근콘크리트조,02005,기계실,1.231000000
34599925,10891188482,2,1,1층.2층,21,철근콘크리트조,02006,노인정.관리실,0.406000000
34599926,10891188482,2,1,지하층,21,철근콘크리트조,02005,지하주차장,9.523000000
22098157,10891188483,1,0,3층,21,철근콘크리트조,02001,아파트,85.000000000
22098158,10891188483,2,0,지하층,21,철근콘크리트조,02005,지하대피소,7.557000000
22098159,10891188483,2,0,3층,21,철근콘크리트조,02001,복도.계단.현관,11.616000000
22098160,10891188483,1,1,1층,19,조적조,02005,경비실,0.092000000
22098161,10891188483,2,1,지하.1층,21,철근콘크리트조,02005,기계실,1.231000000
22098162,10891188483,2,1,1층.2층,21,철근콘크리트조,02006,노인정.관리실,0.406000000
22098163,10891188483,2,1,지하층,21,철근콘크리트조,02005,지하주차장,9.523000000
65703600,10891188484,1,0,3층,21,철근콘크리트조,02001,아파트,85.000000000
65703601,10891188484,2,0,지하층,21,철근콘크리트조,02005,지하대피소,7.557000000
65703602,10891188484,2,0,3층,21,철근콘크리트조,02001,복도.계단.현관,11.616000000
65703603,10891188484,1,1,1층,19,조적조,02005,경비실,0.092000000
65703604,10891188484,2,1,지하.1층,21,철근콘크리트조,02005,기계실,1.231000000
