계약년월,번호,계약일,시군구일련번호,지번,유형,도로명,용도지역,건축물주용도,도로조건,전용면적,대지면적,거래금액,층,지분구분,건축년도,해제사유발생일,거래유형,시군구명,법정동코드
201501,1076,28,2088,1**,집합,판교로,근린상업,공장,25m이상,150.3100,316.5100,31190.0000,,,,-,,경기도 성남시분당구 야탑동,4113510700
201501,1077,28,2088,1**,집합,판교로,근린상업,공장,25m이상,150.3100,316.5100,31190.0000,,,,-,,경기도 성남시분당구 야탑동,4113510700
201501,1078,14,2088,1**,집합,판교로,근린상업,공장,25m이상,150.3000,92.2600,30935.0000,,,,-,,경기도 성남시분당구 야탑동,4113510700
201501,1079,12,2088,1**,집합,판교로,근린상업,공장,25m이상,298.2000,184.1900,60800.0000,,,,-,,경기도 성남시분당구 야탑동,4113510700
201501,1080,27,2088,1**,집합,판교로,근린상업,공장,25m이상,301.8200,783.9300,69300.0000,,,,-,,경기도 성남시분당구 야탑동,4113510700
201501,1081,14,2088,1**,집합,판교로,근린상업,공장,25m이상,149.1000,212.1200,30690.0000,,,,-,,경기도 성남시분당구 야탑동,4113510700
201501,1082,14,2088,1**,집합,판교로,근린상업,공장,25m이상,149.1000,212.1200,30690.0000,,,,-,,경기도 성남시분당구 야탑동,4113510700
201501,1083,23,2088,1**,집합,판교로,근린상업,공장,25m이상,150.9100,310.9300,31100.0000,,,,-,,경기도 성남시분당구 야탑동,4113510700
201501,1084,28,2088,1**,집합,판교로,근린상업,공장,25m이상,150.3000,316.5100,31190.0000,,,,-,,경기도 성남시분당구 야탑동,4113510700
201501,1085,14,2088,1**,집합,판교로,근린상업,공장,25m이상,150.3100,92.2600,30935.0000,,,,-,,경기도 성남시분당구 야탑동,4113510700
201501,1086,14,2088,1**,집합,판교로,근린상업,공장,25m이상,149.1000,91.5300,30690.0000,,,,-,,경기도 성남시분당구 야탑동,4113510700
201502,920,02,2088,1**,집합,판교로,근린상업,공장,25m이상,33.1800,27.3200,10700.0000,,,,-,,경기도 성남시분당구 야탑동,4113510700
201502,921,16,2088,1**,집합,판교로,근린상업,공장,25m이상,150.3100,213.8200,30935.0000,,,,-,,경기도 성남시분당구 야탑동,4113510700
201502,922,25,2088,1**,집합,판교로,근린상업,공장,25m이상,150.3100,309.7100,31500.0000,,,,-,,경기도 성남시분당구 야탑동,4113510700
201502,923,16,2088,1**,집합,판교로,근린상업,공장,25m이상,150.3100,213.8200,30935.0000,,,,-,,경기도 성남시분당구 야탑동,4113510700
201503,1382,02,2089,1**,집합,성남대로172번길,중심상업,자동차 관련시설,25m미만,38.7400,6.1500,500.0000,2,지분,,-,,경기도 성남시분당구 금곡동,4113511100
201504,1369,03,2088,1**,집합,판교로,근린상업,공장,25m이상,298.2000,400.9900,62000.0000,,,,-,,경기도 성남시분당구 야탑동,4113510700
201504,1370,08,2088,1**,집합,판교로,근린상업,창고시설,25m이상,54.9500,35.6700,7900.0000,,,,-,,경기도 성남시분당구 야탑동,4113510700
201504,1371,14,2090,1**,집합,성남대로43번길,일반상업,창고시설,25m이상,32.2000,6.0900,600.0000,,지분,,-,,경기도 성남시분당구 구미동,4113511400
201505,1110,22,2088,1**,집합,판교로,근린상업,공장,25m이상,147.6100,382.1800,33400.0000,,,,-,,경기도 성남시분당구 야탑동,4113510700
201506,1319,24,2088,1**,집합,판교로,근린상업,공장,25m이상,150.3100,92.8500,32480.0000,,,,-,,경기도 성남시분당구 야탑동,4113510700
201506,1320,30,2088,1**,집합,판교로,근린상업,공장,25m이상,150.0100,201.7200,33340.0000,,,,-,,경기도 성남시분당구 야탑동,4113510700
201506,1321,22,2088,1**,집합,판교로,근린상업,창고시설,25m이상,159.8500,414.3100,24200.0000,,,,-,,경기도 성남시분당구 야탑동,4113510700
201506,1322,24,2088,1**,집합,판교로,근린상업,공장,25m이상,300.6100,185.7000,63752.0000,,,,-,,경기도 성남시분당구 야탑동,4113510700
201507,1348,07,2088,1**,집합,판교로,근린상업,공장,25m이상,148.3600,199.4700,34350.0000,,,,-,,경기도 성남시분당구 야탑동,4113510700
201507,1349,07,2088,1**,집합,판교로,근린상업,공장,25m이상,148.3600,199.4700,34350.0000,,,,-,,경기도 성남시분당구 야탑동,4113510700
201508,1038,17,2088,1**,집합,판교로,근린상업,공장,25m이상,150.9100,96.7600,31100.0000,,,,-,,경기도 성남시분당구 야탑동,4113510700
201508,1039,17,2088,1**,집합,판교로,근린상업,공장,25m이상,150.9100,96.7600,31100.0000,,,,-,,경기도 성남시분당구 야탑동,4113510700
201509,990,11,2088,1**,집합,판교로,근린상업,공장,25m이상,150.9100,98.7200,33382.0000,,,,-,,경기도 성남시분당구 야탑동,4113510700
201509,991,30,2088,1**,집합,판교로,근린상업,공장,25m이상,149.1000,96.7600,31340.0000,,,,-,,경기도 성남시분당구 야탑동,4113510700
201509,992,30,2088,1**,집합,판교로,근린상업,공장,25m이상,149.1000,96.7600,31340.0000,,,,-,,경기도 성남시분당구 야탑동,4113510700
201510,1155,07,2088,1**,집합,판교로,근린상업,공장,25m이상,301.8200,186.4400,68500.0000,,,,-,,경기도 성남시분당구 야탑동,4113510700
201510,1156,26,2088,1**,집합,판교로,근린상업,공장,25m이상,150.3100,97.5400,32200.0000,,,,-,,경기도 성남시분당구 야탑동,4113510700
201510,1157,28,2088,1**,집합,판교로,근린상업,공장,25m이상,149.1000,92.1200,30000.0000,,,,-,,경기도 성남시분당구 야탑동,4113510700
201510,1158,28,2088,1**,집합,판교로,근린상업,공장,25m이상,149.1000,92.1200,30000.0000,,,,-,,경기도 성남시분당구 야탑동,4113510700
201510,1159,20,2089,1**,집합,성남대로172번길,중심상업,자동차 관련시설,25m미만,35.2900,5.6000,500.0000,,지분,,-,,경기도 성남시분당구 금곡동,4113511100
201511,1087,18,2088,1**,집합,판교로,근린상업,공장,25m이상,150.3100,92.2700,33400.0000,,,,-,,경기도 성남시분당구 야탑동,4113510700
201511,1088,06,2089,1**,집합,성남대로172번길,중심상업,자동차 관련시설,25m미만,35.2900,5.6000,500.0000,2,지분,,-,,경기도 성남시분당구 금곡동,4113511100
201512,1142,25,2088,1**,집합,판교로,근린상업,공장,25m이상,148.6000,96.9600,34000.0000,,,,-,,경기도 성남시분당구 야탑동,4113510700
201512,1143,11,2088,1**,집합,판교로,근린상업,공장,25m이상,301.8200,186.4300,66000.0000,,,,-,,경기도 성남시분당구 야탑동,4113510700
201602,940,17,2088,1**,집합,판교로,근린상업,창고시설,25m이상,141.8500,92.6000,20000.0000,,,,-,,경기도 성남시분당구 야탑동,4113510700
201602,941,18,2088,1**,집합,판교로,근린상업,공장,25m이상,301.8200,195.8500,65000.0000,,,,-,,경기도 성남시분당구 야탑동,4113510700
201602,942,23,2088,1**,집합,판교로,근린상업,공장,25m이상,148.1200,91.5100,31424.0000,,,,-,,경기도 성남시분당구 야탑동,4113510700
201602,943,01,2089,1**,집합,성남대로172번길,중심상업,자동차 관련시설,25m미만,33.9500,5.4000,300.0000,,지분,,-,,경기도 성남시분당구 금곡동,4113511100
201602,944,02,2089,1**,집합,성남대로172번길,중심상업,자동차 관련시설,25m미만,38.7400,6.1500,500.0000,,지분,,-,,경기도 성남시분당구 금곡동,4113511100
201603,1239,08,2088,1**,집합,판교로,근린상업,공장,25m이상,150.9100,93.2200,32500.0000,,,,-,,경기도 성남시분당구 야탑동,4113510700
201603,1240,22,2088,1**,집합,판교로,근린상업,공장,25m이상,149.1000,96.7600,33000.0000,,,,-,,경기도 성남시분당구 야탑동,4113510700
201603,1241,16,2088,1**,집합,판교로,근린상업,공장,25m이상,300.0100,184.1700,65000.0000,,,,-,,경기도 성남시분당구 야탑동,4113510700
201603,1242,21,2089,1**,집합,성남대로172번길,중심상업,자동차 관련시설,25m미만,35.2900,5.6000,500.0000,,지분,,-,,경기도 성남시분당구 금곡동,4113511100
201603,1243,16,2089,1**,집합,성남대로172번길,중심상업,자동차 관련시설,25m미만,78.8000,12.5200,2000.0000,,지분,,-,,경기도 성남시분당구 금곡동,4113511100
201603,1244,18,2089,1**,집합,성남대로172번길,중심상업,자동차 관련시설,25m미만,38.7400,6.1500,500.0000,,지분,,-,,경기도 성남시분당구 금곡동,4113511100
201603,1245,18,2089,1**,집합,성남대로172번길,중심상업,자동차 관련시설,25m미만,38.7400,6.1500,500.0000,,지분,,-,,경기도 성남시분당구 금곡동,4113511100
201603,1246,18,2089,1**,집합,성남대로172번길,중심상업,자동차 관련시설,25m미만,38.7400,6.1500,500.0000,,지분,,-,,경기도 성남시분당구 금곡동,4113511100
201603,1247,22,2089,1**,집합,성남대로172번길,중심상업,자동차 관련시설,25m미만,38.7400,6.1500,500.0000,,지분,,-,,경기도 성남시분당구 금곡동,4113511100
201603,1248,29,2089,1**,집합,성남대로172번길,중심상업,자동차 관련시설,25m미만,38.7400,6.1500,1000.0000,,지분,,-,,경기도 성남시분당구 금곡동,4113511100
201603,1249,05,3000,9**,일반,,제2종전용주거,자동차 관련시설,25m미만,50.8300,89.2000,14500.0000,,지분,,-,,경기도 성남시분당구 운중동,4113511500
201604,1202,04,2088,1**,집합,판교로,근린상업,공장,25m이상,150.9100,93.1300,32627.0000,,,,-,,경기도 성남시분당구 야탑동,4113510700
201604,1203,04,2088,1**,집합,판교로,근린상업,공장,25m이상,149.1000,97.5400,34600.0000,,,,-,,경기도 성남시분당구 야탑동,4113510700
201604,1204,24,2088,1**,집합,판교로,근린상업,공장,25m이상,150.3100,98.1100,35100.0000,,,,-,,경기도 성남시분당구 야탑동,4113510700
201604,1205,20,2088,1**,집합,판교로,근린상업,공장,25m이상,450.9200,278.5500,97472.0000,,,,-,,경기도 성남시분당구 야탑동,4113510700
201605,1147,04,2088,1**,집합,판교로,근린상업,공장,25m이상,150.3100,98.1100,35100.0000,,,,-,,경기도 성남시분당구 야탑동,4113510700
201605,1148,24,2088,1**,집합,판교로,근린상업,공장,25m이상,149.1000,97.5400,35000.0000,,,,-,,경기도 성남시분당구 야탑동,4113510700
201605,1149,16,2088,1**,집합,판교로,근린상업,창고시설,25m이상,54.9500,33.7500,5000.0000,,,1994,-,,경기도 성남시분당구 야탑동,4113510700
201605,1150,12,2090,4*,일반,미금일로74번길,제1종일반주거,자동차 관련시설,12m미만,2801.3600,898.3000,390000.0000,,,,-,,경기도 성남시분당구 구미동,4113511400
201606,1228,01,2088,1**,집합,판교로,근린상업,공장,25m이상,150.9100,92.6400,33550.0000,,,,-,,경기도 성남시분당구 야탑동,4113510700
201606,1229,24,2088,1**,집합,판교로,근린상업,공장,25m이상,77.3500,47.7800,10000.0000,,,,-,,경기도 성남시분당구 야탑동,4113510700
201606,1230,28,2088,1**,집합,판교로,근린상업,공장,25m이상,149.1000,92.0900,34000.0000,,,,-,,경기도 성남시분당구 야탑동,4113510700
201606,1231,21,2088,1**,집합,판교로,근린상업,공장,25m이상,296.7000,192.5300,64447.0000,,,,-,,경기도 성남시분당구 야탑동,4113510700
201606,1232,22,2088,1**,집합,판교로,근린상업,공장,25m이상,74.5500,48.6900,17667.0000,,,,-,,경기도 성남시분당구 야탑동,4113510700
201606,1233,22,2088,1**,집합,판교로,근린상업,공장,25m이상,149.1000,97.3700,35333.0000,,,,-,,경기도 성남시분당구 야탑동,4113510700
201606,1234,20,2088,1**,집합,판교로,근린상업,공장,25m이상,148.1100,96.9300,36000.0000,,,,-,,경기도 성남시분당구 야탑동,4113510700
201607,1141,13,2088,1**,집합,판교로,근린상업,창고시설,25m이상,44.3500,27.3800,6000.0000,,,,-,,경기도 성남시분당구 야탑동,4113510700
201607,1142,20,2088,1**,집합,판교로,근린상업,창고시설,25m이상,44.3500,27.2600,5000.0000,,,,-,,경기도 성남시분당구 야탑동,4113510700
201607,1143,27,2088,1**,집합,판교로,근린상업,공장,25m이상,150.9100,98.7300,38000.0000,,,,-,,경기도 성남시분당구 야탑동,4113510700
201607,1144,01,2089,1**,집합,성남대로172번길,중심상업,자동차 관련시설,25m미만,38.7400,6.1500,500.0000,,지분,,-,,경기도 성남시분당구 금곡동,4113511100
201608,1097,24,2088,1**,집합,판교로,근린상업,공장,25m이상,150.3100,97.5400,32000.0000,,,,-,,경기도 성남시분당구 야탑동,4113510700
201608,1098,24,2088,1**,집합,판교로,근린상업,공장,25m이상,150.3100,97.5400,32000.0000,,,,-,,경기도 성남시분당구 야탑동,4113510700
201609,1043,21,2088,1**,집합,판교로,근린상업,창고시설,25m이상,77.3500,47.7800,11000.0000,,,,-,,경기도 성남시분당구 야탑동,4113510700
201609,1044,07,2088,1**,집합,판교로,근린상업,공장,25m이상,301.8200,185.2700,65300.0000,,,,-,,경기도 성남시분당구 야탑동,4113510700
201610,1465,06,2088,1**,집합,판교로,근린상업,공장,25m이상,298.2000,183.0700,61385.0000,,,,-,,경기도 성남시분당구 야탑동,4113510700
201610,1466,27,2088,1**,집합,판교로,근린상업,공장,25m이상,301.8200,182.4500,66000.0000,,,,-,,경기도 성남시분당구 야탑동,4113510700
201610,1467,04,2088,1**,집합,판교로,근린상업,창고시설,25m이상,54.9500,33.9400,7800.0000,,,,-,,경기도 성남시분당구 야탑동,4113510700
201611,1374,16,2088,1**,집합,판교로,근린상업,공장,25m이상,148.1200,91.5100,32000.0000,,,,-,,경기도 성남시분당구 야탑동,4113510700
201611,1375,05,2088,1**,집합,판교로,근린상업,공장,25m이상,75.4600,46.3200,17000.0000,,,,-,,경기도 성남시분당구 야탑동,4113510700
201611,1376,14,2088,1**,집합,판교로,근린상업,창고시설,25m이상,77.3500,50.6000,9000.0000,,,,-,,경기도 성남시분당구 야탑동,4113510700
201611,1377,10,2088,1**,집합,판교로,근린상업,창고시설,25m이상,77.3500,50.6000,9000.0000,,,,-,,경기도 성남시분당구 야탑동,4113510700
201611,1378,05,2088,1**,집합,판교로,근린상업,공장,25m이상,75.4600,46.3200,17000.0000,,,,-,,경기도 성남시분당구 야탑동,4113510700
201612,1011,09,2088,1**,집합,판교로,근린상업,공장,25m이상,149.1000,92.1000,33440.0000,,,,-,,경기도 성남시분당구 야탑동,4113510700
201612,1012,02,3675,2**,일반,대왕판교로,자연녹지,자동차 관련시설,25m이상,128.5200,653.0000,360000.0000,,,2003,-,,경기도 성남시분당구 궁내동,4113511200
201703,1184,24,2088,1**,집합,판교로,근린상업,공장,25m이상,203.1800,96.7600,33500.0000,,,,-,,경기도 성남시분당구 야탑동,4113510700
201703,1185,08,2088,1**,집합,판교로,근린상업,공장,25m이상,599.3000,391.1500,142500.0000,6,,,-,,경기도 성남시분당구 야탑동,4113510700
201703,1186,25,2088,1**,집합,판교로,근린상업,공장,25m이상,301.8200,186.4300,67710.0000,7,,,-,,경기도 성남시분당구 야탑동,4113510700
201703,1187,24,2088,1**,집합,판교로,근린상업,공장,25m이상,411.2600,195.8500,68420.0000,3,,,-,,경기도 성남시분당구 야탑동,4113510700
201703,1188,06,3016,5**,일반,운중로243번길,준주거,자동차 관련시설,25m미만,4559.6900,1333.8000,1095372.0000,,,2016,-,,경기도 성남시분당구 판교동,4113510800
201703,1189,02,3577,5**,일반,벌장투리로23번길,보전녹지,동물 및 식물 관련시,8m미만,253.3200,5595.0000,385000.0000,,,,-,,경기도 성남시분당구 대장동,4113511600
201704,1132,03,2088,1**,집합,판교로,근린상업,창고시설,25m이상,54.9500,34.8600,7700.0000,,,,-,,경기도 성남시분당구 야탑동,4113510700
201704,1133,08,2088,1**,집합,판교로,근린상업,창고시설,25m이상,56.1200,36.4400,5750.0000,,,1994,-,,경기도 성남시분당구 야탑동,4113510700
201704,1134,17,2088,1**,집합,판교로,근린상업,공장,25m이상,148.6000,96.9600,38400.0000,,,,-,,경기도 성남시분당구 야탑동,4113510700
201705,1077,25,2088,1**,집합,판교로,근린상업,창고시설,25m이상,85.1400,40.5500,4700.0000,,,,-,,경기도 성남시분당구 야탑동,4113510700
201705,1078,25,2088,1**,집합,판교로,근린상업,창고시설,25m이상,65.9400,25.1000,3650.0000,,,,-,,경기도 성남시분당구 야탑동,4113510700
201705,1079,25,2088,1**,집합,판교로,근린상업,창고시설,25m이상,65.9400,25.1000,3650.0000,,,,-,,경기도 성남시분당구 야탑동,4113510700
201706,1176,26,2088,1**,집합,판교로,근린상업,창고시설,25m이상,38.4500,37.9600,5000.0000,,,,-,,경기도 성남시분당구 야탑동,4113510700
201706,1177,20,2088,1**,집합,판교로,근린상업,창고시설,25m이상,54.9500,33.9400,4000.0000,,,,-,,경기도 성남시분당구 야탑동,4113510700
201707,1109,04,2088,1**,집합,판교로,근린상업,창고시설,25m이상,79.0000,48.7900,8500.0000,,,,-,,경기도 성남시분당구 야탑동,4113510700
201707,1110,07,2088,1**,집합,판교로,근린상업,공장,25m이상,150.3100,98.3300,36498.0000,,,,-,,경기도 성남시분당구 야탑동,4113510700
201707,1111,07,2088,1**,집합,판교로,근린상업,공장,25m이상,150.3100,98.3300,36498.0000,,,,-,,경기도 성남시분당구 야탑동,4113510700
201708,1131,31,2086,2**,집합,서현로180번길,중심상업,자동차 관련시설,25m미만,2123.5600,308.8300,99975.0000,,,1999,-,,경기도 성남시분당구 서현동,4113510500
201708,1132,31,2086,2**,집합,서현로180번길,중심상업,자동차 관련시설,25m미만,2879.4200,563.9500,181801.0000,7,,1999,-,,경기도 성남시분당구 서현동,4113510500
201708,1133,31,2086,2**,집합,서현로180번길,중심상업,자동차 관련시설,25m미만,504.9300,98.8900,31893.0000,,,1999,-,,경기도 성남시분당구 서현동,4113510500
201708,1134,31,2086,2**,집합,서현로180번길,중심상업,자동차 관련시설,25m미만,2879.4200,563.9500,181801.0000,4,,1999,-,,경기도 성남시분당구 서현동,4113510500
201708,1135,31,2086,2**,집합,서현로180번길,중심상업,자동차 관련시설,25m미만,2879.4200,563.9500,181801.0000,5,,1999,-,,경기도 성남시분당구 서현동,4113510500
201708,1136,31,2086,2**,집합,서현로180번길,중심상업,자동차 관련시설,25m미만,2879.4200,563.9500,181801.0000,6,,1999,-,,경기도 성남시분당구 서현동,4113510500
201708,1137,31,2088,1**,집합,판교로,근린상업,공장,25m이상,447.3000,274.5900,119691.0000,3,,,-,,경기도 성남시분당구 야탑동,4113510700
201709,1167,12,2088,1**,집합,판교로,근린상업,창고시설,25m이상,54.9500,33.9400,6723.0000,,,,-,,경기도 성남시분당구 야탑동,4113510700
201709,1168,08,2088,1**,집합,판교로,근린상업,공장,25m이상,301.8200,196.2100,68000.0000,4,,,-,,경기도 성남시분당구 야탑동,4113510700
201709,1169,12,2088,1**,집합,판교로,근린상업,창고시설,25m이상,44.3500,28.8000,6400.0000,,,,-,,경기도 성남시분당구 야탑동,4113510700
201709,1170,12,2088,1**,집합,판교로,근린상업,창고시설,25m이상,54.9500,33.9400,6723.0000,,,,-,,경기도 성남시분당구 야탑동,4113510700
201709,1171,12,2088,1**,집합,판교로,근린상업,창고시설,25m이상,44.3500,28.8000,6400.0000,,,,-,,경기도 성남시분당구 야탑동,4113510700
201709,1172,27,2088,1**,집합,판교로,근린상업,공장,25m이상,150.0100,92.0900,38000.0000,8,,,-,,경기도 성남시분당구 야탑동,4113510700
201709,1173,27,2088,1**,집합,판교로,근린상업,공장,25m이상,150.0100,92.0900,38000.0000,,,,-,,경기도 성남시분당구 야탑동,4113510700
201710,859,13,2088,1**,집합,판교로,근린상업,공장,25m이상,150.3100,92.8500,34300.0000,,,,-,,경기도 성남시분당구 야탑동,4113510700
201710,860,20,2088,1**,집합,판교로,근린상업,공장,25m이상,148.1200,91.5100,35000.0000,7,,,-,,경기도 성남시분당구 야탑동,4113510700
201710,861,30,2088,1**,집합,판교로,근린상업,창고시설,25m이상,77.3500,47.5000,8900.0000,,,,-,,경기도 성남시분당구 야탑동,4113510700
201711,1082,29,2086,2**,일반,새마을로,자연녹지,위험물 저장 및 처리,25m미만,247.8800,619.0000,385000.0000,,,1994,-,,경기도 성남시분당구 서현동,4113510500
201711,1083,29,2088,1**,집합,판교로,근린상업,공장,25m이상,150.9100,92.6400,35500.0000,,,,-,,경기도 성남시분당구 야탑동,4113510700
201711,1084,18,2088,1**,집합,판교로,근린상업,공장,25m이상,301.8200,185.2700,68300.0000,,,,-,,경기도 성남시분당구 야탑동,4113510700
201711,1085,16,2088,1**,집합,판교로,근린상업,공장,25m이상,296.7000,193.6500,76600.0000,6,,,-,,경기도 성남시분당구 야탑동,4113510700
201711,1086,29,2088,1**,집합,판교로,근린상업,공장,25m이상,150.9100,92.6400,35500.0000,3,,,-,,경기도 성남시분당구 야탑동,4113510700
201712,1019,26,2088,1**,집합,판교로,근린상업,창고시설,25m이상,79.0000,51.5800,13600.0000,,,,-,,경기도 성남시분당구 야탑동,4113510700
201712,1020,27,2088,1**,집합,판교로,근린상업,공장,25m이상,150.9100,98.7200,40000.0000,3,,,-,,경기도 성남시분당구 야탑동,4113510700
201712,1021,27,2088,1**,집합,판교로,근린상업,공장,25m이상,150.9100,98.7200,40000.0000,,,,-,,경기도 성남시분당구 야탑동,4113510700
201801,944,29,2086,1**,집합,안골로,자연녹지,자동차 관련시설,8m미만,431.1200,332.4500,95000.0000,,,2005,-,,경기도 성남시분당구 서현동,4113510500
201801,945,30,2088,1**,일반,판교로,근린상업,위험물 저장 및 처리,25m이상,441.3200,575.1000,151500.0000,,지분,2008,-,,경기도 성남시분당구 야탑동,4113510700
201801,946,16,2088,1**,집합,판교로,근린상업,창고시설,25m이상,54.9500,35.8700,9300.0000,,,,-,,경기도 성남시분당구 야탑동,4113510700
201801,947,05,2088,1**,집합,판교로,근린상업,공장,25m이상,149.1000,92.0900,36334.0000,5,,,-,,경기도 성남시분당구 야탑동,4113510700
201801,948,05,2088,1**,집합,판교로,근린상업,공장,25m이상,149.1000,92.0900,36333.0000,,,,-,,경기도 성남시분당구 야탑동,4113510700
201801,949,05,2088,1**,집합,판교로,근린상업,공장,25m이상,149.1000,92.0900,36333.0000,,,,-,,경기도 성남시분당구 야탑동,4113510700
201801,950,26,2088,1**,집합,판교로,근린상업,공장,25m이상,447.3000,276.2800,105815.0000,6,,,-,,경기도 성남시분당구 야탑동,4113510700
201801,951,31,2088,1**,집합,판교로,근린상업,창고시설,25m이상,54.9500,33.7500,7900.0000,,,,-,,경기도 성남시분당구 야탑동,4113510700
201801,952,16,2088,1**,집합,판교로,근린상업,공장,25m이상,298.2000,183.0700,73000.0000,5,,,-,,경기도 성남시분당구 야탑동,4113510700
201802,900,23,2088,1**,집합,판교로,근린상업,공장,25m이상,150.9100,96.7600,37300.0000,,,,-,,경기도 성남시분당구 야탑동,4113510700
201802,901,09,2088,1**,집합,판교로,근린상업,공장,25m이상,147.6100,91.1800,36500.0000,,,,-,,경기도 성남시분당구 야탑동,4113510700
201802,902,26,2088,1**,집합,판교로,근린상업,창고시설,25m이상,77.3500,50.2100,9567.0000,,,,-,,경기도 성남시분당구 야탑동,4113510700
201802,903,13,3927,1**,집합,동원북로22번길,자연녹지,동물 및 식물 관련시,8m미만,179.2800,638.0000,129500.0000,,,,-,,경기도 성남시분당구 동원동,4113511300
201803,1133,06,2088,1**,집합,판교로,근린상업,공장,25m이상,148.1100,96.6300,40000.0000,6,,,-,,경기도 성남시분당구 야탑동,4113510700
201803,1134,29,3000,9**,일반,,제2종전용주거,자동차 관련시설,25m미만,43.0300,77.2900,10958.0000,,지분,2012,-,,경기도 성남시분당구 운중동,4113511500
201804,1169,26,2087,9*,일반,방아로,자연녹지,자동차 관련시설,12m미만,142.2900,734.0000,297600.0000,,,2010,-,,경기도 성남시분당구 이매동,4113510600
201804,1170,13,2088,1**,집합,판교로,근린상업,창고시설,25m이상,54.9500,35.6700,8154.0000,,,,-,,경기도 성남시분당구 야탑동,4113510700
201805,1117,29,2088,1**,집합,판교로,근린상업,창고시설,25m이상,38.4500,38.1800,7700.0000,,,,-,,경기도 성남시분당구 야탑동,4113510700
201805,1118,10,2088,1**,집합,판교로,근린상업,공장,25m이상,450.9200,278.5500,110000.0000,5,,,-,,경기도 성남시분당구 야탑동,4113510700
201805,1119,15,2088,1**,집합,판교로,근린상업,창고시설,25m이상,77.3500,50.6000,10000.0000,,,,-,,경기도 성남시분당구 야탑동,4113510700
201805,1120,14,2088,1**,집합,판교로,근린상업,공장,25m이상,298.2000,183.0700,80000.0000,8,,,-,,경기도 성남시분당구 야탑동,4113510700
201805,1121,14,2088,1**,집합,판교로,근린상업,공장,25m이상,149.1000,96.7600,39000.0000,,,,-,,경기도 성남시분당구 야탑동,4113510700
201806,1039,28,2088,1**,집합,판교로,근린상업,창고시설,25m이상,65.7300,42.9300,11000.0000,,,,-,,경기도 성남시분당구 야탑동,4113510700
201806,1040,28,2088,1**,집합,판교로,근린상업,창고시설,25m이상,116.0200,75.7600,17000.0000,,,,-,,경기도 성남시분당구 야탑동,4113510700
201806,1041,19,2088,1**,집합,판교로,근린상업,창고시설,25m이상,76.8400,49.8800,9500.0000,,,,-,,경기도 성남시분당구 야탑동,4113510700
201806,1042,21,2088,1**,집합,판교로,근린상업,공장,25m이상,77.3500,47.7800,11200.0000,,,,-,,경기도 성남시분당구 야탑동,4113510700
201806,1043,28,2088,1**,집합,판교로,근린상업,창고시설,25m이상,58.4700,38.2500,6067.0000,,,,-,,경기도 성남시분당구 야탑동,4113510700
201806,1044,27,2088,1**,집합,판교로,근린상업,창고시설,25m이상,54.9500,33.9400,7400.0000,,,,-,,경기도 성남시분당구 야탑동,4113510700
201806,1045,27,2088,1**,집합,판교로,근린상업,창고시설,25m이상,54.9500,33.9400,7400.0000,,,,-,,경기도 성남시분당구 야탑동,4113510700
201807,1098,12,2088,1**,집합,판교로,근린상업,공장,25m이상,147.6000,90.6300,40000.0000,5,,,-,,경기도 성남시분당구 야탑동,4113510700
201808,916,30,2088,1**,집합,판교로,근린상업,공장,25m이상,159.8500,104.4100,33000.0000,,,,-,,경기도 성남시분당구 야탑동,4113510700
201809,791,06,2088,1**,집합,판교로,근린상업,공장,25m이상,301.8200,197.4400,85000.0000,4,,,-,,경기도 성남시분당구 야탑동,4113510700
201810,934,31,2088,1**,집합,판교로,근린상업,공장,25m이상,150.3100,97.5400,40000.0000,,,,-,,경기도 성남시분당구 야탑동,4113510700
201810,935,31,2088,1**,집합,판교로,근린상업,공장,25m이상,150.3100,97.5400,40000.0000,4,,,-,,경기도 성남시분당구 야탑동,4113510700
201811,907,12,2088,1**,집합,판교로,근린상업,공장,25m이상,150.9100,98.5000,34000.0000,,,,-,,경기도 성남시분당구 야탑동,4113510700
201811,908,08,2088,1**,일반,판교로,근린상업,위험물 저장 및 처리,25m이상,388.0900,383.4000,101000.0000,,지분,2008,-,,경기도 성남시분당구 야탑동,4113510700
201811,909,21,2088,1**,집합,판교로,근린상업,창고시설,25m이상,76.8400,50.2300,10500.0000,,,,-,,경기도 성남시분당구 야탑동,4113510700
201811,910,05,2088,1**,집합,판교로,근린상업,공장,25m이상,147.2800,90.3900,39400.0000,,,,-,,경기도 성남시분당구 야탑동,4113510700
201812,884,28,2085,8*,일반,느티로51번길,제1종일반주거,자동차 관련시설,25m미만,554.5700,445.3300,178000.0000,,지분,1998,-,,경기도 성남시분당구 정자동,4113510300
201812,885,31,2088,1**,집합,판교로,근린상업,창고시설,25m이상,56.1200,36.7100,6000.0000,,,,-,,경기도 성남시분당구 야탑동,4113510700
201812,886,31,2088,1**,집합,판교로,근린상업,창고시설,25m이상,77.3500,50.6000,11000.0000,,,,-,,경기도 성남시분당구 야탑동,4113510700
201812,887,31,2088,1**,집합,판교로,근린상업,창고시설,25m이상,77.3500,50.6000,8000.0000,,,,-,,경기도 성남시분당구 야탑동,4113510700
201812,888,31,2088,1**,집합,판교로,근린상업,공장,25m이상,301.8200,197.4400,73000.0000,2,,,-,,경기도 성남시분당구 야탑동,4113510700
201812,889,10,2088,1**,집합,판교로,근린상업,창고시설,25m이상,54.9500,35.6700,10300.0000,,,,-,,경기도 성남시분당구 야탑동,4113510700
201812,890,10,2088,1**,집합,판교로,근린상업,공장,25m이상,58.4700,35.8900,9000.0000,,,,-,,경기도 성남시분당구 야탑동,4113510700
201812,891,31,2088,1**,집합,판교로,근린상업,공장,25m이상,317.6000,207.7800,39000.0000,,,,-,,경기도 성남시분당구 야탑동,4113510700
201812,892,31,2088,1**,집합,판교로,근린상업,공장,25m이상,450.9200,295.0000,108000.0000,5,,,-,,경기도 성남시분당구 야탑동,4113510700
201812,893,31,2088,1**,집합,판교로,근린상업,공장,25m이상,450.9200,295.0000,108000.0000,7,,,-,,경기도 성남시분당구 야탑동,4113510700
201812,894,31,2088,1**,집합,판교로,근린상업,공장,25m이상,149.1000,97.5400,36000.0000,7,,,-,,경기도 성남시분당구 야탑동,4113510700
201812,895,31,2088,1**,집합,판교로,근린상업,공장,25m이상,298.2000,195.0800,72000.0000,8,,,-,,경기도 성남시분당구 야탑동,4113510700
201812,896,31,2088,1**,집합,판교로,근린상업,공장,25m이상,298.2000,195.0800,72000.0000,8,,,-,,경기도 성남시분당구 야탑동,4113510700
201812,897,31,2088,1**,집합,판교로,근린상업,창고시설,25m이상,77.3500,50.6000,8000.0000,,,,-,,경기도 성남시분당구 야탑동,4113510700
201812,898,31,2088,1**,집합,판교로,근린상업,공장,25m이상,298.2000,195.0800,72000.0000,3,,,-,,경기도 성남시분당구 야탑동,4113510700
201812,899,31,2088,1**,집합,판교로,근린상업,공장,25m이상,445.8000,291.6600,108000.0000,4,,,-,,경기도 성남시분당구 야탑동,4113510700
201812,900,31,2088,1**,집합,판교로,근린상업,공장,25m이상,450.9200,295.0000,109000.0000,4,,,-,,경기도 성남시분당구 야탑동,4113510700
201812,901,31,2088,1**,집합,판교로,근린상업,공장,25m이상,301.8200,197.4400,73000.0000,5,,,-,,경기도 성남시분당구 야탑동,4113510700
201812,902,31,2088,1**,집합,판교로,근린상업,공장,25m이상,445.8000,291.6600,107000.0000,5,,,-,,경기도 성남시분당구 야탑동,4113510700
201901,927,02,2088,1**,집합,판교로,근린상업,창고시설,25m이상,54.9500,33.9400,7300.0000,,,,-,,경기도 성남시분당구 야탑동,4113510700
201901,928,17,2088,1**,집합,판교로,근린상업,창고시설,25m이상,77.3500,50.6000,11300.0000,,,,-,,경기도 성남시분당구 야탑동,4113510700
201901,929,21,2088,1**,집합,판교로,근린상업,창고시설,25m이상,54.9500,33.7500,6789.0000,,,,-,,경기도 성남시분당구 야탑동,4113510700
201902,762,09,2088,1**,집합,판교로,근린상업,공장,25m이상,149.1000,92.1200,45600.0000,,,,-,,경기도 성남시분당구 야탑동,4113510700
201902,763,22,2088,1**,집합,판교로,근린상업,공장,25m이상,150.5500,98.2600,46500.0000,,,,-,,경기도 성남시분당구 야탑동,4113510700
201902,764,08,2090,1**,집합,구미로9번길,일반상업,자동차 관련시설,25m미만,11196.1800,1825.0500,325000.0000,,,2002,-,,경기도 성남시분당구 구미동,4113511400
201904,1082,01,2088,1**,집합,판교로,근린상업,창고시설,25m이상,56.1200,36.4400,8560.0000,,,,-,,경기도 성남시분당구 야탑동,4113510700
201904,1083,11,2088,1**,집합,판교로,근린상업,창고시설,25m이상,77.3500,47.5000,12740.0000,,,,-,,경기도 성남시분당구 야탑동,4113510700
201905,1057,30,2088,1**,집합,판교로,근린상업,공장,25m이상,301.8200,196.0600,80800.0000,,,,-,,경기도 성남시분당구 야탑동,4113510700
201905,1058,17,2088,1**,집합,판교로,근린상업,공장,25m이상,298.2000,195.0800,90350.0000,,,,-,,경기도 성남시분당구 야탑동,4113510700
201905,1059,17,2088,1**,집합,판교로,근린상업,창고시설,25m이상,54.9500,35.9500,10000.0000,,,,-,,경기도 성남시분당구 야탑동,4113510700
201906,829,01,2088,1**,집합,판교로,근린상업,창고시설,25m이상,77.3500,50.2100,12757.0000,,,,-,,경기도 성남시분당구 야탑동,4113510700
201906,830,03,2088,1**,집합,판교로,근린상업,창고시설,25m이상,54.9500,35.6700,9700.0000,,,,-,,경기도 성남시분당구 야탑동,4113510700
201908,822,16,2088,3**,일반,야탑로105번길,제1종일반주거,자동차 관련시설,25m미만,2746.7300,896.1000,750000.0000,,,,-,,경기도 성남시분당구 야탑동,4113510700
201908,823,02,2088,1**,집합,판교로,근린상업,공장,25m이상,149.1000,97.5400,46418.0000,,,,-,,경기도 성남시분당구 야탑동,4113510700
201909,845,23,2088,1**,집합,판교로,근린상업,창고시설,25m이상,58.4700,37.9600,6500.0000,,,,-,,경기도 성남시분당구 야탑동,4113510700
201909,846,20,2089,1**,집합,성남대로172번길,중심상업,자동차 관련시설,25m미만,42.4700,6.7400,1000.0000,2,지분,,-,,경기도 성남시분당구 금곡동,4113511100
201910,1044,04,2088,1**,집합,판교로,근린상업,공장,25m이상,148.1100,96.6300,41600.0000,5,,,-,,경기도 성남시분당구 야탑동,4113510700
201910,1045,08,2089,1**,집합,성남대로172번길,중심상업,자동차 관련시설,25m미만,1832.0500,6.1500,1000.0000,2,지분,,-,,경기도 성남시분당구 금곡동,4113511100
201910,1046,08,2089,1**,집합,성남대로172번길,중심상업,자동차 관련시설,25m미만,1832.0500,6.1500,1000.0000,2,지분,,-,,경기도 성남시분당구 금곡동,4113511100
201911,1049,20,2084,2*,집합,황새울로214번길,중심상업,자동차 관련시설,25m이상,437.1800,98.0400,141894.0000,,,1996,-,,경기도 성남시분당구 수내동,4113510200
201911,1050,20,2084,2*,집합,황새울로214번길,중심상업,자동차 관련시설,25m이상,163.0400,36.5600,52913.0000,,,1996,-,,경기도 성남시분당구 수내동,4113510200
201911,1051,13,2088,1**,집합,판교로,근린상업,창고시설,25m이상,54.9500,35.6700,8700.0000,,,,-,,경기도 성남시분당구 야탑동,4113510700
201912,1156,30,2086,2**,집합,서현로180번길,중심상업,자동차 관련시설,25m미만,2879.4200,563.9500,282553.0000,6,,1999,-,,경기도 성남시분당구 서현동,4113510500
201912,1157,30,2086,2**,집합,서현로180번길,중심상업,자동차 관련시설,25m미만,2879.4200,563.9500,282553.0000,7,,1999,-,,경기도 성남시분당구 서현동,4113510500
201912,1158,30,2086,2**,집합,서현로180번길,중심상업,자동차 관련시설,25m미만,2879.4200,563.9500,282553.0000,5,,1999,-,,경기도 성남시분당구 서현동,4113510500
201912,1159,30,2086,2**,집합,서현로180번길,중심상업,자동차 관련시설,25m미만,504.9300,98.8900,49550.0000,,,1997,-,,경기도 성남시분당구 서현동,4113510500
201912,1160,30,2086,2**,집합,서현로180번길,중심상업,자동차 관련시설,25m미만,2879.4200,563.9500,282553.0000,4,,1997,-,,경기도 성남시분당구 서현동,4113510500
201912,1161,30,2086,2**,집합,서현로180번길,중심상업,자동차 관련시설,25m미만,2123.5600,308.8300,208377.0000,,,1997,-,,경기도 성남시분당구 서현동,4113510500
201912,1162,17,2088,1**,집합,판교로,근린상업,공장,25m이상,149.1000,97.1200,42000.0000,,,,-,,경기도 성남시분당구 야탑동,4113510700
201912,1163,16,3927,2**,일반,동막로,자연녹지,위험물 저장 및 처리,25m이상,303.8400,961.0000,313522.0000,,,2011,-,,경기도 성남시분당구 동원동,4113511300
202002,1279,28,2083,1**,일반,서현로,제1종일반주거,위험물 저장 및 처리,25m이상,406.3000,1000.1000,549600.0000,,,1993,-,,경기도 성남시분당구 분당동,4113510100
202002,1280,28,2084,8*,일반,불정로,자연녹지,위험물 저장 및 처리,25m이상,676.7300,2150.6000,1150700.0000,,,2002,-,,경기도 성남시분당구 수내동,4113510200
202002,1281,28,2087,9*,일반,성남대로772번길,자연녹지,위험물 저장 및 처리,25m미만,631.5800,1558.0000,1045300.0000,,,2001,-,,경기도 성남시분당구 이매동,4113510600
202003,1141,11,2088,1**,집합,판교로,근린상업,창고시설,25m이상,54.9500,35.6700,9060.0000,,,,-,,경기도 성남시분당구 야탑동,4113510700
202005,1116,22,2088,1**,집합,판교로,근린상업,공장,25m이상,298.2000,195.0800,99000.0000,8,,,-,,경기도 성남시분당구 야탑동,4113510700
202006,1498,30,2086,2**,일반,황새울로311번길,중심상업,자동차 관련시설,25m미만,34661.8400,4746.9000,4500000.0000,,,1997,-,,경기도 성남시분당구 서현동,4113510500
202006,1499,19,2088,4**,일반,탄천로,근린상업,자동차 관련시설,25m미만,15256.7900,14192.1000,8080000.0000,,,,-,,경기도 성남시분당구 야탑동,4113510700
202006,1500,19,2088,4**,일반,탄천로,근린상업,자동차 관련시설,25m미만,15256.7900,14192.1000,8028900.0000,,,,-,,경기도 성남시분당구 야탑동,4113510700
202006,1501,01,3024,7**,집합,동판교로266번길,준주거,자동차 관련시설,25m미만,12692.1500,2553.4500,550000.0000,,,2018,20200924,,경기도 성남시분당구 삼평동,4113510900
202007,1433,07,3016,5**,일반,판교로,제2종일반주거,자동차 관련시설,25m미만,5036.3800,1894.7000,950000.0000,,,2011,-,,경기도 성남시분당구 판교동,4113510800
202008,1200,05,2088,1**,집합,판교로,근린상업,창고시설,25m이상,54.9500,33.9400,9500.0000,,,,-,,경기도 성남시분당구 야탑동,4113510700
202008,1201,25,2088,1**,집합,판교로,근린상업,창고시설,25m이상,44.3500,28.9300,5200.0000,,,,-,,경기도 성남시분당구 야탑동,4113510700
202008,1202,05,2088,1**,집합,판교로,근린상업,창고시설,25m이상,54.9500,33.9400,9500.0000,,,,-,,경기도 성남시분당구 야탑동,4113510700
202008,1203,19,2088,1**,집합,판교로,근린상업,창고시설,25m이상,27.4800,16.9700,5200.0000,,지분,1994,-,,경기도 성남시분당구 야탑동,4113510700
202009,1413,25,2088,1**,집합,판교로,근린상업,창고시설,25m이상,56.1200,34.4800,5200.0000,,,,-,,경기도 성남시분당구 야탑동,4113510700
202009,1414,24,2088,1**,집합,판교로,근린상업,공장,25m이상,298.2000,195.0800,99000.0000,,,,-,,경기도 성남시분당구 야탑동,4113510700
202009,1415,10,2088,1**,집합,판교로,근린상업,창고시설,25m이상,56.1200,34.4800,10100.0000,,,,-,,경기도 성남시분당구 야탑동,4113510700
202009,1416,10,2088,1**,집합,판교로,근린상업,창고시설,25m이상,77.3500,47.5000,13900.0000,,,,-,,경기도 성남시분당구 야탑동,4113510700
202009,1417,04,2088,1**,집합,판교로,근린상업,공장,25m이상,54.9500,33.7500,10000.0000,,,1994,-,,경기도 성남시분당구 야탑동,4113510700
202009,1418,23,3024,7**,집합,동판교로266번길,준주거,자동차 관련시설,25m미만,11756.7600,2553.4500,480000.0000,,,2018,-,,경기도 성남시분당구 삼평동,4113510900
202010,1235,20,2088,1**,집합,판교로,근린상업,창고시설,25m이상,54.9500,33.9400,8300.0000,,,,-,,경기도 성남시분당구 야탑동,4113510700
202010,1236,20,2088,1**,집합,판교로,근린상업,창고시설,25m이상,77.3500,47.7800,11700.0000,,,,-,,경기도 성남시분당구 야탑동,4113510700
202010,1237,05,2088,1**,집합,판교로,근린상업,공장,25m이상,301.8200,197.4400,112743.0000,,,,-,,경기도 성남시분당구 야탑동,4113510700
202010,1238,19,2088,1**,집합,판교로,근린상업,공장,25m이상,150.3000,92.2600,49490.0000,9,,,-,,경기도 성남시분당구 야탑동,4113510700
202011,1317,05,2088,1**,집합,판교로,근린상업,창고시설,25m이상,77.3500,50.5000,13880.0000,,,,-,,경기도 성남시분당구 야탑동,4113510700
202011,1318,17,3016,6**,일반,운중로277번길,준주거,자동차 관련시설,25m미만,4666.9900,1326.5000,1542172.0000,,,2014,-,,경기도 성남시분당구 판교동,4113510800
202011,1319,17,3016,6**,일반,운중로277번길,준주거,자동차 관련시설,25m미만,4666.9900,1326.5000,1500000.0000,,,2014,-,,경기도 성남시분당구 판교동,4113510800
202012,1514,10,2088,1**,집합,판교로,근린상업,공장,25m이상,148.1200,91.5100,50000.0000,4,,,-,,경기도 성남시분당구 야탑동,4113510700
202012,1515,17,2088,1**,집합,판교로,근린상업,공장,25m이상,147.6100,96.3200,50000.0000,5,,,-,,경기도 성남시분당구 야탑동,4113510700
202012,1516,03,2090,1**,일반,탄천상로,자연녹지,자동차 관련시설,25m이상,396.3900,2349.8100,1080200.0000,,지분,,-,,경기도 성남시분당구 구미동,4113511400
202101,1607,29,2088,1**,집합,판교로,근린상업,창고시설,25m이상,79.0000,51.5800,14000.0000,,,,-,,경기도 성남시분당구 야탑동,4113510700
202102,1434,08,2084,2*,집합,황새울로214번길,중심상업,자동차 관련시설,25m이상,43.8300,16.4800,1000.0000,,지분,,-,,경기도 성남시분당구 수내동,4113510200
202102,1435,19,2088,1**,집합,판교로,근린상업,공장,25m이상,450.9200,295.0000,159095.0000,,,,-,,경기도 성남시분당구 야탑동,4113510700
202102,1436,25,3024,6**,일반,대왕판교로644번길,준주거,위험물 저장 및 처리,25m미만,392.1200,831.5000,1130000.0000,,,2010,-,,경기도 성남시분당구 삼평동,4113510900
202105,1626,25,2088,1**,집합,판교로,근린상업,창고시설,25m이상,56.1200,34.6700,9300.0000,,,,-,,경기도 성남시분당구 야탑동,4113510700
202105,1627,06,2089,9*,일반,대왕판교로,보전녹지,자동차 관련시설,8m미만,1995.2700,1495.0000,1047800.0000,,,2019,-,,경기도 성남시분당구 금곡동,4113511100
202106,1816,16,2085,6*,일반,내정로107번길,근린상업,자동차 관련시설,25m이상,2815.8600,999.8000,850000.0000,,,1995,-,,경기도 성남시분당구 정자동,4113510300
202106,1817,30,2086,2**,일반,새마을로,자연녹지,위험물 저장 및 처리,25m미만,276.2800,826.0000,580833.0000,,,,-,,경기도 성남시분당구 서현동,4113510500
202106,1818,04,2088,1**,집합,판교로,근린상업,공장,25m이상,296.7000,192.5300,81000.0000,6,,,-,,경기도 성남시분당구 야탑동,4113510700
202106,1819,24,3024,7**,일반,동판교로,제3종일반주거,위험물 저장 및 처리,25m미만,515.7200,832.4000,881404.0000,,,,-,,경기도 성남시분당구 삼평동,4113510900
202106,1820,24,3085,5**,일반,동판교로,제1종일반주거,위험물 저장 및 처리,25m이상,712.3900,958.6000,1021935.0000,,,,-,,경기도 성남시분당구 백현동,4113511000
202108,1497,06,2088,1**,집합,판교로,근린상업,공장,25m이상,150.9100,96.7600,54700.0000,4,,,-,,경기도 성남시분당구 야탑동,4113510700
202108,1498,05,2088,1**,집합,판교로,근린상업,창고시설,25m이상,54.9500,35.6700,12000.0000,,,,-,,경기도 성남시분당구 야탑동,4113510700
202108,1499,03,2088,1**,집합,판교로,근린상업,창고시설,25m이상,56.1200,36.7100,11645.0000,,,,20210901,,경기도 성남시분당구 야탑동,4113510700
202108,1500,02,2088,1**,집합,판교로,근린상업,창고시설,25m이상,77.3500,47.5000,11151.0000,,,,-,,경기도 성남시분당구 야탑동,4113510700
202109,1468,16,2088,1**,집합,판교로,근린상업,공장,25m이상,149.1000,92.0900,50000.0000,5,,,-,,경기도 성남시분당구 야탑동,4113510700
202111,1606,05,2086,2**,집합,황새울로311번길,중심상업,자동차 관련시설,25m미만,51.3100,7.4700,1500.0000,,지분,,-,,경기도 성남시분당구 서현동,4113510500
202111,1607,17,2086,2**,집합,황새울로311번길,중심상업,자동차 관련시설,25m미만,51.3100,7.4700,1500.0000,,지분,,-,,경기도 성남시분당구 서현동,4113510500
202111,1608,19,2086,2**,집합,황새울로311번길,중심상업,자동차 관련시설,25m미만,51.3100,7.4700,1500.0000,,지분,,20231011,,경기도 성남시분당구 서현동,4113510500
202111,1609,04,2086,2**,집합,황새울로311번길,중심상업,자동차 관련시설,25m미만,51.3100,7.4700,1500.0000,,지분,,20231011,,경기도 성남시분당구 서현동,4113510500
202111,1610,03,2086,2**,집합,황새울로311번길,중심상업,자동차 관련시설,25m미만,51.3100,7.4700,1500.0000,,지분,,-,,경기도 성남시분당구 서현동,4113510500
202111,1611,16,2088,1**,집합,판교로,근린상업,공장,25m이상,150.0100,92.0900,51250.0000,,,,-,,경기도 성남시분당구 야탑동,4113510700
202111,1612,20,2089,1**,집합,성남대로172번길,중심상업,자동차 관련시설,25m미만,31.5600,5.0100,500.0000,,지분,,-,,경기도 성남시분당구 금곡동,4113511100
202111,1613,20,2089,1**,집합,성남대로172번길,중심상업,자동차 관련시설,25m미만,31.5600,5.0100,500.0000,,지분,,-,,경기도 성남시분당구 금곡동,4113511100
202111,1614,20,2089,1**,집합,성남대로172번길,중심상업,자동차 관련시설,25m미만,31.5600,5.0100,500.0000,,지분,,-,,경기도 성남시분당구 금곡동,4113511100
202112,1783,17,2088,1**,집합,판교로,근린상업,공장,25m이상,298.2000,183.0700,103100.0000,8,,,-,,경기도 성남시분당구 야탑동,4113510700
202112,1784,21,2088,1**,집합,판교로,근린상업,공장,25m이상,447.3000,274.5900,155598.0000,3,,,-,,경기도 성남시분당구 야탑동,4113510700
202112,1785,22,2088,1**,집합,판교로,근린상업,창고시설,25m이상,54.9500,35.9500,10200.0000,,,,-,,경기도 성남시분당구 야탑동,4113510700
202112,1786,23,2088,1**,집합,판교로,근린상업,공장,25m이상,149.1000,91.5300,50000.0000,,,,20220112,,경기도 성남시분당구 야탑동,4113510700
202112,1787,23,2088,1**,집합,판교로,근린상업,공장,25m이상,149.1000,91.5300,50000.0000,,,,-,,경기도 성남시분당구 야탑동,4113510700
202112,1788,23,2088,1**,집합,판교로,근린상업,공장,25m이상,149.1000,91.5300,50000.0000,,,,-,,경기도 성남시분당구 야탑동,4113510700
202201,1304,05,2088,1**,집합,판교로,근린상업,공장,25m이상,150.9100,93.2200,51500.0000,,,,-,중개거래,경기도 성남시분당구 야탑동,4113510700
202202,1316,15,2088,1**,집합,판교로,근린상업,창고시설,25m이상,56.1200,36.7100,11645.0000,,,,-,중개거래,경기도 성남시분당구 야탑동,4113510700
202202,1317,28,2088,1**,집합,판교로,근린상업,창고시설,25m이상,77.3500,50.6000,16055.0000,,,,-,중개거래,경기도 성남시분당구 야탑동,4113510700
202202,1318,03,2088,1**,집합,판교로,근린상업,공장,25m이상,150.9100,98.7300,50000.0000,7,,,-,직거래,경기도 성남시분당구 야탑동,4113510700
202203,1575,10,2084,*,집합,황새울로240번길,중심상업,자동차 관련시설,25m이상,58.7700,5.4900,2000.0000,1,지분,,-,직거래,경기도 성남시분당구 수내동,4113510200
202203,1576,18,2088,1**,집합,판교로,근린상업,공장,25m이상,150.0100,92.0900,53000.0000,8,,,-,중개거래,경기도 성남시분당구 야탑동,4113510700
202203,1577,21,2088,1**,집합,판교로,근린상업,공장,25m이상,450.9200,276.7900,158000.0000,8,,,-,중개거래,경기도 성남시분당구 야탑동,4113510700
202203,1578,21,2088,1**,집합,판교로,근린상업,공장,25m이상,447.3000,274.5900,153000.0000,8,,,-,중개거래,경기도 성남시분당구 야탑동,4113510700
202203,1579,14,2088,1**,집합,판교로,근린상업,공장,25m이상,150.0100,92.6600,45000.0000,,,1994,-,직거래,경기도 성남시분당구 야탑동,4113510700
202203,1580,14,2088,1**,집합,판교로,근린상업,공장,25m이상,150.0100,92.6600,45000.0000,,,1994,-,직거래,경기도 성남시분당구 야탑동,4113510700
202204,1705,14,2088,1**,집합,판교로,근린상업,공장,25m이상,150.3100,92.8500,52100.0000,2,,,-,중개거래,경기도 성남시분당구 야탑동,4113510700
202204,1706,11,2088,1**,집합,판교로,근린상업,공장,25m이상,243.9900,149.5700,81000.0000,1,,,-,중개거래,경기도 성남시분당구 야탑동,4113510700
202205,1497,10,2088,1**,집합,판교로,근린상업,공장,25m이상,150.3100,92.8500,52100.0000,,,,-,중개거래,경기도 성남시분당구 야탑동,4113510700
202206,1336,29,2088,1**,집합,판교로,근린상업,창고시설,25m이상,77.3500,50.5000,16500.0000,,,,-,중개거래,경기도 성남시분당구 야탑동,4113510700
202206,1337,17,2089,1**,집합,성남대로172번길,중심상업,자동차 관련시설,25m미만,38.7400,6.1500,1000.0000,2,지분,,-,중개거래,경기도 성남시분당구 금곡동,4113511100
202207,975,20,15777,5*,일반,석운로204번길,자연녹지,창고시설,8m미만,26.2500,440.0000,59500.0000,,,1926,-,중개거래,경기도 성남시분당구 석운동,4113511700
202208,935,26,2088,1**,집합,판교로,근린상업,공장,25m이상,301.8200,197.4400,119007.0000,,,,-,중개거래,경기도 성남시분당구 야탑동,4113510700
202208,936,11,2088,1**,집합,판교로,근린상업,공장,25m이상,150.9100,92.5600,40000.0000,,,1994,-,직거래,경기도 성남시분당구 야탑동,4113510700
202211,709,22,2088,1**,집합,판교로,근린상업,공장,25m이상,301.8200,185.2800,103000.0000,7,,,-,중개거래,경기도 성남시분당구 야탑동,4113510700
202211,710,29,2088,1**,집합,판교로,근린상업,창고시설,25m이상,77.3500,50.5000,16725.0000,,,,-,중개거래,경기도 성남시분당구 야탑동,4113510700
202211,711,07,2088,1**,집합,판교로,근린상업,창고시설,25m이상,77.3500,50.6000,16855.0000,,,,-,중개거래,경기도 성남시분당구 야탑동,4113510700
202212,753,14,2089,1**,일반,대왕판교로,보전녹지,자동차 관련시설,8m미만,840.0000,2165.0000,1250000.0000,,,2022,-,중개거래,경기도 성남시분당구 금곡동,4113511100
202302,856,07,2088,1**,집합,판교로,근린상업,공장,25m이상,298.2000,182.8400,120000.0000,1,,,-,중개거래,경기도 성남시분당구 야탑동,4113510700
202305,942,19,2088,1**,집합,판교로,근린상업,공장,25m이상,148.6000,97.2200,55000.0000,,,,-,중개거래,경기도 성남시분당구 야탑동,4113510700
202305,943,23,2088,1**,집합,판교로,근린상업,공장,25m이상,149.1000,92.0900,50500.0000,,,,-,중개거래,경기도 성남시분당구 야탑동,4113510700
202305,944,04,2090,1**,집합,성남대로43번길,일반상업,창고시설,25m이상,28.3800,5.3700,10105.0000,,지분,,-,중개거래,경기도 성남시분당구 구미동,4113511400
202306,1003,14,2089,1**,집합,성남대로172번길,중심상업,자동차 관련시설,25m미만,37.3900,5.9400,1000.0000,,지분,,-,중개거래,경기도 성남시분당구 금곡동,4113511100
202307,981,05,2086,2**,집합,서현로180번길,중심상업,자동차 관련시설,25m미만,2167.8500,10.6200,2000.0000,,,,-,직거래,경기도 성남시분당구 서현동,4113510500
202307,982,05,2086,2**,집합,서현로180번길,중심상업,자동차 관련시설,25m미만,2167.8500,32.7400,5000.0000,,,,-,직거래,경기도 성남시분당구 서현동,4113510500
202307,983,18,2088,1**,집합,판교로,근린상업,공장,25m이상,149.1000,97.5400,54000.0000,,,,-,중개거래,경기도 성남시분당구 야탑동,4113510700
202307,984,27,2088,1**,집합,판교로,근린상업,공장,25m이상,147.6100,96.3200,54000.0000,5,,,-,중개거래,경기도 성남시분당구 야탑동,4113510700
202307,985,28,2088,1**,집합,판교로,근린상업,창고시설,25m이상,54.9500,35.6700,7300.0000,,,,-,중개거래,경기도 성남시분당구 야탑동,4113510700
202307,986,18,2088,1**,집합,판교로,근린상업,공장,25m이상,149.1000,97.5400,54000.0000,2,,,-,중개거래,경기도 성남시분당구 야탑동,4113510700
202309,894,20,2088,1**,집합,판교로,근린상업,창고시설,25m이상,54.9500,35.6700,9200.0000,,,,-,중개거래,경기도 성남시분당구 야탑동,4113510700
202310,819,06,2088,1**,집합,판교로,근린상업,공장,25m이상,301.8200,196.0600,105000.0000,,,,-,중개거래,경기도 성남시분당구 야탑동,4113510700
202310,820,12,2088,1**,집합,판교로,근린상업,공장,25m이상,301.8200,185.2700,102000.0000,5,,,-,중개거래,경기도 성남시분당구 야탑동,4113510700
202310,821,25,2088,1**,집합,판교로,근린상업,공장,25m이상,150.9100,98.4800,59500.0000,1,,,-,중개거래,경기도 성남시분당구 야탑동,4113510700
202311,991,27,2088,1**,집합,판교로,근린상업,공장,25m이상,149.1000,92.1200,51650.0000,,,,-,중개거래,경기도 성남시분당구 야탑동,4113510700
202311,992,27,2088,1**,집합,판교로,근린상업,공장,25m이상,149.1000,92.1200,51650.0000,2,,,-,중개거래,경기도 성남시분당구 야탑동,4113510700
202312,839,29,2086,2**,집합,황새울로311번길,중심상업,자동차 관련시설,25m미만,51.3100,7.4700,1500.0000,,지분,1997,-,직거래,경기도 성남시분당구 서현동,4113510500
202312,840,26,2088,1**,집합,판교로,근린상업,공장,25m이상,301.8200,197.4400,146000.0000,1,,,-,중개거래,경기도 성남시분당구 야탑동,4113510700
202312,841,26,2088,1**,집합,판교로,기타,공장,25m이상,301.8200,193.3800,146000.0000,1,,,-,중개거래,경기도 성남시분당구 야탑동,4113510700
202401,980,08,2086,256,집합,서현로180번길,중심상업,자동차 관련시설,25m미만,2167.8500,12.0500,3000.0000,,지분,1999,-,중개거래,경기도 성남시분당구 서현동,4113510500
202401,981,26,2088,150,집합,판교로,근린상업,공장,25m이상,301.8200,197.4400,110000.0000,3,,,-,중개거래,경기도 성남시분당구 야탑동,4113510700
202403,1004,29,2086,275,집합,황새울로311번길,중심상업,자동차 관련시설,25m미만,6567.8000,7.4700,1500.0000,,지분,1997,-,직거래,경기도 성남시분당구 서현동,4113510500
202404,1022,05,2086,275,집합,황새울로311번길,중심상업,자동차 관련시설,25m미만,6567.8000,7.4700,1500.0000,,지분,,-,직거래,경기도 성남시분당구 서현동,4113510500
202404,1023,24,2086,275,집합,황새울로311번길,중심상업,자동차 관련시설,25m미만,6567.8000,7.4700,1500.0000,,지분,1997,-,직거래,경기도 성남시분당구 서현동,4113510500
202404,1024,08,2086,275,집합,황새울로311번길,중심상업,자동차 관련시설,25m미만,6567.8000,7.4700,1500.0000,,지분,1997,-,직거래,경기도 성남시분당구 서현동,4113510500
202404,1025,02,2088,151,집합,판교로,기타,창고시설,25m이상,77.3500,47.5000,13800.0000,,,1994,-,중개거래,경기도 성남시분당구 야탑동,4113510700
202404,1026,25,2088,151,집합,판교로,기타,창고시설,25m이상,77.3500,47.5000,13800.0000,,,1994,-,중개거래,경기도 성남시분당구 야탑동,4113510700
202404,1027,26,2088,151,집합,판교로,일반공업,창고시설,25m이상,77.3500,47.5000,14000.0000,,,1994,-,중개거래,경기도 성남시분당구 야탑동,4113510700
202405,898,22,2088,151,집합,판교로,근린상업,공장,25m이상,149.1000,92.0900,51300.0000,8,,,-,중개거래,경기도 성남시분당구 야탑동,4113510700
202406,321,20,18828,150,집합,판교로,근린상업,공장,25m이상,149.1000,0.0000,55600.0000,,,1994,-,중개거래,경기도 성남시 분당구 야탑동,4113510700
202406,487,17,19041,150,집합,성남대로172번길,중심상업,자동차 관련시설,25m미만,1832.0500,0.0000,5000.0000,,지분,,-,중개거래,경기도 성남시 분당구 금곡동,4113511100
202406,931,04,18828,4**,일반,탄천로,근린상업,창고시설,25m미만,70546.8600,14192.1000,22265300.0000,,,2023,-,직거래,경기도 성남시 분당구 야탑동,4113510700
202406,932,04,18828,151,집합,판교로,근린상업,공장,25m이상,54.9500,0.0000,8000.0000,,,1994,-,직거래,경기도 성남시 분당구 야탑동,4113510700
202408,863,02,18828,148,집합,판교로,근린상업,공장,25m이상,301.8200,0.0000,106000.0000,9,,,-,중개거래,경기도 성남시 분당구 야탑동,4113510700
202409,888,02,19824,694-1,집합,대왕판교로,준주거,공장,25m이상,254.2900,0.0000,286220.0000,,,2011,-,직거래,경기도 성남시 분당구 삼평동,4113510900
202410,631,14,18828,503,집합,야탑로,근린상업,자동차 관련시설,25m이상,4407.6000,0.0000,1800.0000,,지분,1997,-,직거래,경기도 성남시 분당구 야탑동,4113510700
202411,102,28,19041,150,집합,성남대로172번길,중심상업,자동차 관련시설,25m미만,1832.0500,0.0000,1000.0000,,지분,1999,-,중개거래,경기도 성남시 분당구 금곡동,4113511100
202411,325,20,19041,3**,일반,대왕판교로,보전녹지,자동차 관련시설,-,185.3000,940.0000,300000.0000,,,2024,-,직거래,경기도 성남시 분당구 금곡동,4113511100
202411,808,06,19900,3**,일반,대왕판교로351번길,보전녹지,자동차 관련시설,8m미만,193.5600,975.0000,389114.0000,,,2005,-,직거래,경기도 성남시 분당구 궁내동,4113511200
202412,486,19,19163,275,집합,황새울로311번길,중심상업,자동차 관련시설,25m미만,16744.4900,0.0000,1000000.0000,,,1997,-,직거래,경기도 성남시 분당구 서현동,4113510500
202412,946,06,18828,151,집합,판교로,근린상업,창고시설,25m이상,77.3500,0.0000,10549.0000,,,1994,-,직거래,경기도 성남시 분당구 야탑동,4113510700
202501,379,15,18828,145,집합,판교로,근린상업,공장,25m이상,150.9100,0.0000,54114.0000,8,,1994,-,중개거래,경기도 성남시 분당구 야탑동,4113510700
202501,381,15,18828,145,집합,판교로,근린상업,공장,25m이상,150.9100,0.0000,54114.0000,,,1994,-,중개거래,경기도 성남시 분당구 야탑동,4113510700
202502,254,24,18828,150,집합,판교로,근린상업,공장,25m이상,243.9900,0.0000,73000.0000,1,,,-,중개거래,경기도 성남시 분당구 야탑동,4113510700
202502,257,24,18828,151,집합,판교로,근린상업,공장,25m이상,150.9100,0.0000,52800.0000,,,1994,-,중개거래,경기도 성남시 분당구 야탑동,4113510700
202502,258,24,18828,151,집합,판교로,근린상업,공장,25m이상,150.9100,0.0000,52800.0000,,,1994,-,중개거래,경기도 성남시 분당구 야탑동,4113510700
202502,897,05,19041,9*,일반,대왕판교로,보전녹지,자동차 관련시설,8m미만,1995.2700,1495.0000,1150000.0000,,,,-,중개거래,경기도 성남시 분당구 금곡동,4113511100
202503,402,20,18828,145,집합,판교로,근린상업,공장,25m이상,147.2800,0.0000,51595.0000,8,,,-,중개거래,경기도 성남시 분당구 야탑동,4113510700
202504,343,21,18828,145,집합,판교로,근린상업,공장,25m이상,450.9200,0.0000,164500.0000,6,,1994,-,중개거래,경기도 성남시 분당구 야탑동,4113510700
202505,105,29,18828,150,집합,판교로,근린상업,공장,25m이상,150.3200,0.0000,56151.0000,9,,1994,-,중개거래,경기도 성남시 분당구 야탑동,4113510700
202505,154,28,18828,150,집합,판교로,근린상업,창고시설,25m이상,152.4400,0.0000,31640.0000,,,1994,-,중개거래,경기도 성남시 분당구 야탑동,4113510700
202505,450,19,18828,150,집합,판교로,근린상업,공장,25m이상,77.3500,0.0000,12600.0000,,,1994,-,직거래,경기도 성남시 분당구 야탑동,4113510700
202505,729,09,18828,150,집합,판교로,근린상업,창고시설,25m이상,54.9500,0.0000,12000.0000,,,1994,-,중개거래,경기도 성남시 분당구 야탑동,4113510700
202505,737,09,18828,150,집합,판교로,근린상업,창고시설,25m이상,54.9500,0.0000,11400.0000,,,1994,-,중개거래,경기도 성남시 분당구 야탑동,4113510700
202506,6,30,18828,145,집합,판교로,근린상업,창고시설,25m이상,54.9500,0.0000,10900.0000,,,,-,중개거래,경기도 성남시 분당구 야탑동,4113510700
202506,400,19,18828,151,집합,판교로,근린상업,공장,25m이상,147.6100,0.0000,50000.0000,,,1994,-,중개거래,경기도 성남시 분당구 야탑동,4113510700
202507,24,31,18828,148,집합,판교로,근린상업,창고시설,25m이상,54.9500,0.0000,12050.0000,,,,-,중개거래,경기도 성남시 분당구 야탑동,4113510700
202508,58,29,18828,150,집합,판교로,근린상업,공장,25m이상,148.6000,0.0000,55000.0000,,,1994,-,중개거래,경기도 성남시 분당구 야탑동,4113510700
202508,328,21,18828,151,집합,판교로,근린상업,공장,25m이상,149.1000,0.0000,48000.0000,,,1994,-,직거래,경기도 성남시 분당구 야탑동,4113510700
202508,533,12,18828,151,집합,판교로,근린상업,공장,25m이상,301.8200,0.0000,105000.0000,,,1994,-,중개거래,경기도 성남시 분당구 야탑동,4113510700
202509,24,30,18828,151,집합,판교로,근린상업,공장,25m이상,149.1000,0.0000,48000.0000,,,1994,-,중개거래,경기도 성남시 분당구 야탑동,4113510700
202510,425,20,18828,151,집합,판교로,근린상업,창고시설,25m이상,79.0000,0.0000,12365.0000,,,1994,-,중개거래,경기도 성남시 분당구 야탑동,4113510700
